1	например	например	ADV	_	_	_	_	_	@vsv1938m-words#@vsv1938m#434.016#434.533
2	ну	ну	PART	_	_	_	_	_	@vsv1938m-words#@vsv1938m#434.816#435.178
3	каждый	каждый	DET	_	Case=Nom|Gender=Masc|Number=Sing	_	_	_	@vsv1938m-words#@vsv1938m#435.178#435.54
4	балуется	баловаться	VERB	_	Aspect=Imp|Mood=Ind|Number=Sing|Person=3|Tense=Pres|VerbForm=Fin|Voice=Mid	_	_	_	@vsv1938m-words#@vsv1938m#435.54#435.902
5	в	в	ADP	_	_	_	_	_	@vsv1938m-words#@vsv1938m#435.902#436.264
6	юности	юность	NOUN	_	Animacy=Inan|Case=Loc|Gender=Fem|Number=Sing	_	_	_	@vsv1938m-words#@vsv1938m#436.264#436.626
7	стихами	стих	NOUN	_	Animacy=Inan|Case=Ins|Gender=Masc|Number=Plur	_	_	_	@vsv1938m-words#@vsv1938m#436.626#436.988
8	и	и	CCONJ	_	_	_	_	_	@vsv1938m-words#@vsv1938m#436.988#437.35
9	всё	все	PRON	_	Animacy=Inan|Case=Nom|Gender=Neut|Number=Sing	_	_	_	@vsv1938m-words#@vsv1938m#437.35#437.716
10	потом	потом	ADV	_	Degree=Pos	_	_	_	@vsv1938m-words#@vsv1938m#438.016#438.374
11	как-то	как-то	ADV	_	Degree=Pos	_	_	_	@vsv1938m-words#@vsv1938m#438.374#438.732
12	это	это	PRON	_	Animacy=Inan|Case=Nom|Gender=Neut|Number=Sing	_	_	_	@vsv1938m-words#@vsv1938m#438.732#439.09
13	уходит	уходить	VERB	_	Aspect=Imp|Mood=Ind|Number=Sing|Person=3|Tense=Pres|VerbForm=Fin|Voice=Act	_	_	_	@vsv1938m-words#@vsv1938m#439.09#439.449
14	считают	считать	VERB	_	Aspect=Imp|Mood=Ind|Number=Plur|Person=3|Tense=Pres|VerbForm=Fin|Voice=Act	_	_	_	@vsv1938m-words#@vsv1938m#439.616#440.06
15	это	это	PRON	_	Animacy=Inan|Case=Acc|Gender=Neut|Number=Sing	_	_	_	@vsv1938m-words#@vsv1938m#440.06#440.504
16	баловством	баловство	NOUN	_	Animacy=Inan|Case=Ins|Gender=Neut|Number=Sing	_	_	_	@vsv1938m-words#@vsv1938m#440.504#440.949
17	я	я	PRON	_	Case=Nom|Number=Sing|Person=1	_	_	_	@vsv1938m-words#@vsv1938m#441.416#441.882
18	продолжил	продолжить	VERB	_	Aspect=Perf|Gender=Masc|Mood=Ind|Number=Sing|Tense=Past|VerbForm=Fin|Voice=Act	_	_	_	@vsv1938m-words#@vsv1938m#441.882#442.348
19	писать	писать	VERB	_	Aspect=Imp|VerbForm=Inf|Voice=Act	_	_	_	@vsv1938m-words#@vsv1938m#442.348#442.816
20	ну	ну	PART	_	_	_	_	_	@vsv1938m-words#@vsv1938m#443.016#443.216
21	во-первых	во-первых	ADV	_	Degree=Pos	_	_	_	@vsv1938m-words#@vsv1938m#443.616#443.928
22	потому	потому	ADV	_	Degree=Pos	_	_	_	@vsv1938m-words#@vsv1938m#443.928#444.24
23	что	что	SCONJ	_	_	_	_	_	@vsv1938m-words#@vsv1938m#444.24#444.552
24	я	я	PRON	_	Case=Nom|Number=Sing|Person=1	_	_	_	@vsv1938m-words#@vsv1938m#444.552#444.864
25	начал	начать	VERB	_	Aspect=Perf|Gender=Masc|Mood=Ind|Number=Sing|Tense=Past|VerbForm=Fin|Voice=Act	_	_	_	@vsv1938m-words#@vsv1938m#444.864#445.176
26	писать	писать	VERB	_	Aspect=Imp|VerbForm=Inf|Voice=Act	_	_	_	@vsv1938m-words#@vsv1938m#445.176#445.488
27	под	под	ADP	_	_	_	_	_	@vsv1938m-words#@vsv1938m#445.488#445.8
28	музыку	музыка	NOUN	_	Animacy=Inan|Case=Acc|Gender=Fem|Number=Sing	_	_	_	@vsv1938m-words#@vsv1938m#445.8#446.116
29	а	а	CCONJ	_	_	_	_	_	@vsv1938m-words#@vsv1938m#446.616#446.886
30	во-вторых	во-вторых	ADV	_	Degree=Pos	_	_	_	@vsv1938m-words#@vsv1938m#446.886#447.156
31	потому	потому	ADV	_	Degree=Pos	_	_	_	@vsv1938m-words#@vsv1938m#447.156#447.426
32	что	что	SCONJ	_	_	_	_	_	@vsv1938m-words#@vsv1938m#447.426#447.696
33	я	я	PRON	_	Case=Nom|Number=Sing|Person=1	_	_	_	@vsv1938m-words#@vsv1938m#447.696#447.966
34	еще	еще	ADV	_	Degree=Pos	_	_	_	@vsv1938m-words#@vsv1938m#447.966#448.236
35	попал	попасть	VERB	_	Aspect=Perf|Gender=Masc|Mood=Ind|Number=Sing|Tense=Past|VerbForm=Fin|Voice=Act	_	_	_	@vsv1938m-words#@vsv1938m#448.236#448.506
36	в	в	ADP	_	_	_	_	_	@vsv1938m-words#@vsv1938m#448.506#448.776
37	этот	этот	DET	_	Case=Acc|Gender=Masc|Number=Sing	_	_	_	@vsv1938m-words#@vsv1938m#448.776#449.046
38	театр	театр	NOUN	_	Animacy=Inan|Case=Acc|Gender=Masc|Number=Sing	_	_	_	@vsv1938m-words#@vsv1938m#449.046#449.316
39	где	где	ADV	_	Degree=Pos	_	_	_	@vsv1938m-words#@vsv1938m#449.316#449.586
40	это	это	PRON	_	Animacy=Inan|Case=Nom|Gender=Neut|Number=Sing	_	_	_	@vsv1938m-words#@vsv1938m#449.586#449.856
41	было	быть	AUX	_	Aspect=Imp|Gender=Neut|Mood=Ind|Number=Sing|Tense=Past|VerbForm=Fin|Voice=Act	_	_	_	@vsv1938m-words#@vsv1938m#449.856#450.126
42	подхвачено	подхватить	VERB	_	Aspect=Perf|Gender=Neut|Number=Sing|Tense=Past|Variant=Short|VerbForm=Part|Voice=Pass	_	_	_	@vsv1938m-words#@vsv1938m#450.126#450.396
43	и	и	CCONJ	_	_	_	_	_	@vsv1938m-words#@vsv1938m#450.396#450.666
44	сразу	сразу	ADV	_	Degree=Pos	_	_	_	@vsv1938m-words#@vsv1938m#450.666#450.936
45	шеф	шеф	NOUN	_	Animacy=Anim|Case=Nom|Gender=Masc|Number=Sing	_	_	_	@vsv1938m-words#@vsv1938m#450.936#451.206
46	захотел	хотеть	VERB	_	Aspect=Perf|Gender=Masc|Mood=Ind|Number=Sing|Tense=Past|VerbForm=Fin|Voice=Act	_	_	_	@vsv1938m-words#@vsv1938m#451.206#451.476
47	чтобы	чтобы	SCONJ	_	Mood=Cnd	_	_	_	@vsv1938m-words#@vsv1938m#451.476#451.746
48	это	это	PRON	_	Animacy=Inan|Case=Nom|Gender=Neut|Number=Sing	_	_	_	@vsv1938m-words#@vsv1938m#451.746#452.016
49	звучало	звучать	VERB	_	Aspect=Imp|Gender=Neut|Mood=Ind|Number=Sing|Tense=Past|VerbForm=Fin|Voice=Act	_	_	_	@vsv1938m-words#@vsv1938m#452.016#452.286
50	в	в	ADP	_	_	_	_	_	@vsv1938m-words#@vsv1938m#452.286#452.556
51	спектаклях	спектакль	NOUN	_	Animacy=Inan|Case=Loc|Gender=Fem|Number=Plur	_	_	_	@vsv1938m-words#@vsv1938m#452.556#452.833
52	так	так	ADV	_	Degree=Pos	_	_	_	@vsv1938m-words#@vsv1938m#453.416#453.566
53	что	что	SCONJ	_	_	_	_	_	@vsv1938m-words#@vsv1938m#453.566#453.716
54	в	в	ADP	_	_	_	_	_	@vsv1938m-words#@vsv1938m#453.716#453.866
55	общем	общий	ADJ	_	Case=Loc|Degree=Pos|Gender=Masc|Number=Sing	_	_	_	@vsv1938m-words#@vsv1938m#453.866#454.016
56	мне	я	PRON	_	Case=Dat|Number=Sing|Person=1	_	_	_	@vsv1938m-words#@vsv1938m#454.216#454.507
57	не	не	PART	_	_	_	_	_	@vsv1938m-words#@vsv1938m#454.507#454.798
58	дали	дать	VERB	_	Aspect=Perf|Mood=Ind|Number=Plur|Tense=Past|VerbForm=Fin|Voice=Act	_	_	_	@vsv1938m-words#@vsv1938m#454.798#455.089
59	прекратить	прекратить	VERB	_	Aspect=Perf|VerbForm=Inf|Voice=Act	_	_	_	@vsv1938m-words#@vsv1938m#455.089#455.383
60	да	да	CCONJ	_	_	_	_	_	@vsv1938m-words#@vsv1938m#455.633#455.896
61	и	и	CCONJ	_	_	_	_	_	@vsv1938m-words#@vsv1938m#455.896#456.159
62	в	в	ADP	_	_	_	_	_	@vsv1938m-words#@vsv1938m#456.159#456.422
63	общем-то	общей-то	DET	_	Case=Loc|Gender=Neut|Number=Sing	_	_	_	@vsv1938m-words#@vsv1938m#456.422#456.685
64	я	я	PRON	_	Case=Nom|Number=Sing|Person=1	_	_	_	@vsv1938m-words#@vsv1938m#456.685#456.948
65	думаю	думать	VERB	_	Aspect=Imp|Mood=Ind|Number=Sing|Person=1|Tense=Pres|VerbForm=Fin|Voice=Act	_	_	_	@vsv1938m-words#@vsv1938m#456.948#457.211
66	сам	сам	DET	_	Case=Nom|Gender=Masc|Number=Sing	_	_	_	@vsv1938m-words#@vsv1938m#457.211#457.474
67	не	не	PART	_	_	_	_	_	@vsv1938m-words#@vsv1938m#457.474#457.737
68	смог	мочь	VERB	_	Aspect=Perf|Gender=Masc|Mood=Ind|Number=Sing|Tense=Past|VerbForm=Fin|Voice=Act	_	_	_	@vsv1938m-words#@vsv1938m#457.737#458.0
69	прекратить	прекратить	VERB	_	Aspect=Perf|VerbForm=Inf|Voice=Act	_	_	_	@vsv1938m-words#@vsv1938m#458.0#458.263
70	потому	потому	ADV	_	Degree=Pos	_	_	_	@vsv1938m-words#@vsv1938m#458.263#458.526
71	что	что	SCONJ	_	_	_	_	_	@vsv1938m-words#@vsv1938m#458.526#458.799
72	тянет	тянуть	VERB	_	Aspect=Imp|Mood=Ind|Number=Sing|Person=3|Tense=Pres|VerbForm=Fin|Voice=Act	_	_	_	@vsv1938m-words#@vsv1938m#459.216#459.576
73	к	к	ADP	_	_	_	_	_	@vsv1938m-words#@vsv1938m#459.576#459.936
74	столу	стол	NOUN	_	Animacy=Inan|Case=Dat|Gender=Masc|Number=Sing	_	_	_	@vsv1938m-words#@vsv1938m#459.936#460.296
75	и	и	CCONJ	_	_	_	_	_	@vsv1938m-words#@vsv1938m#460.296#460.656
76	ты	ты	PRON	_	Case=Nom|Number=Sing|Person=2	_	_	_	@vsv1938m-words#@vsv1938m#460.656#461.016
77	не	не	PART	_	_	_	_	_	@vsv1938m-words#@vsv1938m#461.311#461.571
78	можешь	мочь	VERB	_	Aspect=Imp|Mood=Ind|Number=Sing|Person=2|Tense=Pres|VerbForm=Fin|Voice=Act	_	_	_	@vsv1938m-words#@vsv1938m#461.571#461.831
79	от	от	ADP	_	_	_	_	_	@vsv1938m-words#@vsv1938m#461.831#462.091
80	этого	это	PRON	_	Animacy=Inan|Case=Gen|Gender=Neut|Number=Sing	_	_	_	@vsv1938m-words#@vsv1938m#462.091#462.351
81	уйти	уйти	VERB	_	Aspect=Perf|VerbForm=Inf|Voice=Act	_	_	_	@vsv1938m-words#@vsv1938m#462.351#462.613
82	а	а	CCONJ	_	_	_	_	_	@vsv1938m-words#@vsv1938m#463.009#463.223
83	чем	что	PRON	_	Case=Ins	_	_	_	@vsv1938m-words#@vsv1938m#463.223#463.437
84	бы	бы	PART	_	_	_	_	_	@vsv1938m-words#@vsv1938m#463.437#463.651
85	вы	вы	PRON	_	Case=Nom|Number=Plur|Person=2	_	_	_	@vsv1938m-words#@vsv1938m#463.651#463.865
86	хотели	хотеть	VERB	_	Aspect=Imp|Mood=Ind|Number=Plur|Tense=Past|VerbForm=Fin|Voice=Act	_	_	_	@vsv1938m-words#@vsv1938m#463.865#464.079
87	мне	я	PRON	_	Case=Dat|Number=Sing|Person=1	_	_	_	@vsv1938m-words#@vsv1938m#464.079#464.293
88	помочь	помочь	VERB	_	Aspect=Perf|VerbForm=Inf|Voice=Act	_	_	_	@vsv1938m-words#@vsv1938m#464.293#464.513
89	#цокает#	X	_	_	_	_	_	_	@vsv1938m-words#@vsv1938m#468.704#468.892
90	вы	вы	PRON	_	Case=Nom|Number=Plur|Person=2	_	_	_	@vsv1938m-words#@vsv1938m#469.201#469.434
91	зна...	X	_	_	_	_	_	_	@vsv1938m-words#@vsv1938m#469.434#469.667
92	ну	ну	PART	_	_	_	_	_	@vsv1938m-words#@vsv1938m#469.667#469.9
93	что	что	PRON	_	Case=Nom	_	_	_	@vsv1938m-words#@vsv1938m#469.9#470.133
94	такое	такой	DET	_	Case=Nom|Gender=Neut|Number=Sing	_	_	_	@vsv1938m-words#@vsv1938m#470.133#470.366
95	жанр	жанр	NOUN	_	Animacy=Inan|Case=Nom|Gender=Masc|Number=Sing	_	_	_	@vsv1938m-words#@vsv1938m#470.366#470.604
96	нет	нет	INTJ	_	_	_	_	_	@vsv1938m-words#@vsv1938m#471.302#471.604
97	нет	нет	INTJ	_	_	_	_	_	@vsv1938m-words#@vsv1938m#472.013#472.3
98	нет	нет	INTJ	_	_	_	_	_	@vsv1938m-words#@vsv1938m#472.3#472.587
99	нет	нет	INTJ	_	_	_	_	_	@vsv1938m-words#@vsv1938m#472.587#472.874
100	нет	нет	INTJ	_	_	_	_	_	@vsv1938m-words#@vsv1938m#472.874#473.161
101	у	у	ADP	_	_	_	_	_	@vsv1938m-words#@vsv1938m#473.812#474.149
102	него	он	PRON	_	Case=Gen|Gender=Masc|Number=Sing|Person=3	_	_	_	@vsv1938m-words#@vsv1938m#474.149#474.486
103	городской	городской	ADJ	_	Animacy=Inan|Case=Nom|Degree=Pos|Gender=Masc|Number=Sing	_	_	_	@vsv1938m-words#@vsv1938m#474.486#474.823
104	романс	романс	NOUN	_	Animacy=Inan|Case=Nom|Gender=Masc|Number=Sing	_	_	_	@vsv1938m-words#@vsv1938m#474.823#475.161
105	вы	вы	PRON	_	Case=Nom|Number=Plur|Person=2	_	_	_	@vsv1938m-words#@vsv1938m#475.201#475.526
106	знаете	знать	VERB	_	Aspect=Imp|Mood=Ind|Number=Plur|Person=2|Tense=Pres|VerbForm=Fin|Voice=Act	_	_	_	@vsv1938m-words#@vsv1938m#475.526#475.851
107	мы	мы	PRON	_	Case=Nom|Number=Plur|Person=1	_	_	_	@vsv1938m-words#@vsv1938m#475.851#476.176
108	мы	мы	PRON	_	Case=Nom|Number=Plur|Person=1	_	_	_	@vsv1938m-words#@vsv1938m#476.176#476.501
109	совсем	совсем	ADV	_	Degree=Pos	_	_	_	@vsv1938m-words#@vsv1938m#476.501#476.826
110	разные	разный	ADJ	_	Case=Nom|Degree=Pos|Number=Plur	_	_	_	@vsv1938m-words#@vsv1938m#476.826#477.154
111	поэтому	поэтому	ADV	_	Degree=Pos	_	_	_	@vsv1938m-words#@vsv1938m#477.201#477.557
112	в	в	ADP	_	_	_	_	_	@vsv1938m-words#@vsv1938m#477.557#477.913
113	общем-то	общей-то	DET	_	Case=Loc|Gender=Masc|Number=Sing	_	_	_	@vsv1938m-words#@vsv1938m#477.913#478.269
114	собственно	собственно	ADV	_	Degree=Pos	_	_	_	@vsv1938m-words#@vsv1938m#478.269#478.625
115	говоря	говорить	VERB	_	Aspect=Imp|Tense=Pres|VerbForm=Conv|Voice=Act	_	_	_	@vsv1938m-words#@vsv1938m#478.625#478.981
116	вероятно	вероятно	ADV	_	Degree=Pos	_	_	_	@vsv1938m-words#@vsv1938m#478.981#479.342
117	люди	человек	NOUN	_	Animacy=Anim|Case=Nom|Gender=Masc|Number=Plur	_	_	_	@vsv1938m-words#@vsv1938m#479.704#480.051
118	даже	даже	PART	_	_	_	_	_	@vsv1938m-words#@vsv1938m#480.051#480.398
119	очень	очень	ADV	_	Degree=Pos	_	_	_	@vsv1938m-words#@vsv1938m#480.398#480.745
120	хорошие	хороший	ADJ	_	Case=Nom|Degree=Pos|Number=Plur	_	_	_	@vsv1938m-words#@vsv1938m#480.745#481.092
121	если	если	SCONJ	_	_	_	_	_	@vsv1938m-words#@vsv1938m#481.092#481.439
122	они	они	PRON	_	Case=Nom|Number=Plur|Person=3	_	_	_	@vsv1938m-words#@vsv1938m#481.439#481.791
123	работают	работать	VERB	_	Aspect=Imp|Mood=Ind|Number=Plur|Person=3|Tense=Pres|VerbForm=Fin|Voice=Act	_	_	_	@vsv1938m-words#@vsv1938m#482.006#482.285
124	в	в	ADP	_	_	_	_	_	@vsv1938m-words#@vsv1938m#482.285#482.564
125	одном	один	DET	_	Case=Loc|Degree=Pos|Gender=Masc|Number=Sing	_	_	_	@vsv1938m-words#@vsv1938m#482.564#482.843
126	и	и	CCONJ	_	_	_	_	_	@vsv1938m-words#@vsv1938m#482.843#483.122
127	том	тот	DET	_	Case=Loc|Gender=Masc|Number=Sing	_	_	_	@vsv1938m-words#@vsv1938m#483.122#483.401
128	же	же	PART	_	_	_	_	_	@vsv1938m-words#@vsv1938m#483.401#483.68
129	жанре	жанр	NOUN	_	Animacy=Inan|Case=Loc|Gender=Masc|Number=Sing	_	_	_	@vsv1938m-words#@vsv1938m#483.68#483.959
130	у	у	ADP	_	_	_	_	_	@vsv1938m-words#@vsv1938m#483.959#484.238
131	них	они	PRON	_	Case=Gen|Number=Plur|Person=3	_	_	_	@vsv1938m-words#@vsv1938m#484.238#484.517
132	есть	быть	VERB	_	Aspect=Imp|Mood=Ind|Number=Sing|Person=3|Tense=Pres|VerbForm=Fin|Voice=Act	_	_	_	@vsv1938m-words#@vsv1938m#484.517#484.796
133	какое-то	какой-то	DET	_	Case=Nom|Gender=Neut|Number=Sing	_	_	_	@vsv1938m-words#@vsv1938m#484.796#485.075
134	соревнование	соревнование	NOUN	_	Animacy=Inan|Case=Nom|Gender=Neut|Number=Sing	_	_	_	@vsv1938m-words#@vsv1938m#485.075#485.354
135	у	у	ADP	_	_	_	_	_	@vsv1938m-words#@vsv1938m#485.354#485.633
136	нас	мы	PRON	_	Case=Gen|Number=Plur|Person=1	_	_	_	@vsv1938m-words#@vsv1938m#485.633#485.912
137	с	с	ADP	_	_	_	_	_	@vsv1938m-words#@vsv1938m#485.912#486.191
138	ним	он	PRON	_	Case=Ins|Gender=Masc|Number=Sing|Person=3	_	_	_	@vsv1938m-words#@vsv1938m#486.191#486.47
139	нет	нет	VERB	_	Aspect=Imp|Mood=Ind|Number=Sing|Person=3|Tense=Pres|VerbForm=Fin|Voice=Act	_	_	_	@vsv1938m-words#@vsv1938m#486.47#486.749
140	соревнования	соревнование	NOUN	_	Animacy=Inan|Case=Gen|Gender=Neut|Number=Sing	_	_	_	@vsv1938m-words#@vsv1938m#486.749#487.028
141	никаких	никакой	DET	_	Case=Gen|Number=Plur	_	_	_	@vsv1938m-words#@vsv1938m#487.028#487.315
142	я	я	PRON	_	Case=Nom|Number=Sing|Person=1	_	_	_	@vsv1938m-words#@vsv1938m#487.919#488.219
143	пишу	писать	VERB	_	Aspect=Imp|Mood=Ind|Number=Sing|Person=1|Tense=Pres|VerbForm=Fin|Voice=Act	_	_	_	@vsv1938m-words#@vsv1938m#488.219#488.519
144	в	в	ADP	_	_	_	_	_	@vsv1938m-words#@vsv1938m#488.519#488.819
145	очень	очень	ADV	_	Degree=Pos	_	_	_	@vsv1938m-words#@vsv1938m#488.819#489.119
146	в	в	ADP	_	_	_	_	_	@vsv1938m-words#@vsv1938m#489.119#489.419
147	разных	разный	ADJ	_	Case=Loc|Degree=Pos|Number=Plur	_	_	_	@vsv1938m-words#@vsv1938m#489.419#489.719
148	правда	правда	NOUN	_	Animacy=Anim|Case=Ins|Gender=Fem|Number=Sing	_	_	_	@vsv1938m-words#@vsv1938m#489.719#490.019
149	правда	правда	NOUN	_	Animacy=Inan|Case=Nom|Gender=Fem|Number=Sing	_	_	_	@vsv1938m-words#@vsv1938m#490.019#490.319
150	в	в	ADP	_	_	_	_	_	@vsv1938m-words#@vsv1938m#490.319#490.619
151	очень	очень	ADV	_	Degree=Pos	_	_	_	@vsv1938m-words#@vsv1938m#490.619#490.919
152	разных	разный	ADJ	_	Case=Loc|Degree=Pos|Number=Plur	_	_	_	@vsv1938m-words#@vsv1938m#490.919#491.228
153	жанрах	жанр	NOUN	_	Animacy=Inan|Case=Loc|Gender=Masc|Number=Plur	_	_	_	@vsv1938m-words#@vsv1938m#491.503#492.201
154	поэтических	поэтический	ADJ	_	Case=Loc|Degree=Pos|Number=Plur	_	_	_	@vsv1938m-words#@vsv1938m#492.201#492.899
155	но	но	CCONJ	_	_	_	_	_	@vsv1938m-words#@vsv1938m#493.302#493.55
156	всё	все	PRON	_	Animacy=Inan|Case=Nom|Gender=Neut|Number=Sing	_	_	_	@vsv1938m-words#@vsv1938m#493.55#493.798
157	равно	равно	ADV	_	Degree=Pos	_	_	_	@vsv1938m-words#@vsv1938m#493.798#494.046
158	это	это	PRON	_	Animacy=Inan|Case=Nom|Gender=Neut|Number=Sing	_	_	_	@vsv1938m-words#@vsv1938m#494.046#494.295
159	а	а	CCONJ	_	_	_	_	_	@vsv1938m-words#@vsv1938m#494.402#494.675
160	если	если	SCONJ	_	_	_	_	_	@vsv1938m-words#@vsv1938m#494.675#494.948
161	говорите	говорить	VERB	_	Aspect=Imp|Mood=Ind|Number=Plur|Person=2|Tense=Pres|VerbForm=Fin|Voice=Act	_	_	_	@vsv1938m-words#@vsv1938m#494.948#495.221
162	описывать	описать	VERB	_	Aspect=Imp|VerbForm=Inf|Voice=Act	_	_	_	@vsv1938m-words#@vsv1938m#495.221#495.494
163	это	это	PRON	_	Animacy=Inan|Case=Acc|Gender=Neut|Number=Sing	_	_	_	@vsv1938m-words#@vsv1938m#495.494#495.771
164	жанр	жанр	NOUN	_	Animacy=Inan|Case=Nom|Gender=Masc|Number=Sing	_	_	_	@vsv1938m-words#@vsv1938m#495.906#496.409
165	авторской	авторский	ADJ	_	Case=Gen|Degree=Pos|Gender=Fem|Number=Sing	_	_	_	@vsv1938m-words#@vsv1938m#496.805#497.657
166	песни	песня	NOUN	_	Animacy=Inan|Case=Gen|Gender=Fem|Number=Sing	_	_	_	@vsv1938m-words#@vsv1938m#497.711#498.422
167	авторской	авторский	ADJ	_	Case=Gen|Degree=Pos|Gender=Fem|Number=Sing	_	_	_	@vsv1938m-words#@vsv1938m#499.006#499.657
168	песни	песня	NOUN	_	Animacy=Inan|Case=Gen|Gender=Fem|Number=Sing	_	_	_	@vsv1938m-words#@vsv1938m#499.657#500.308
169	вы	вы	PRON	_	Case=Nom|Number=Plur|Person=2	_	_	_	@vsv1938m-words#@vsv1938m#500.812#501.1
170	понимаете	понимать	VERB	_	Aspect=Imp|Mood=Ind|Number=Plur|Person=2|Tense=Pres|VerbForm=Fin|Voice=Act	_	_	_	@vsv1938m-words#@vsv1938m#501.1#501.388
171	вот	вот	PART	_	_	_	_	_	@vsv1938m-words#@vsv1938m#501.388#501.676
172	например	например	ADV	_	Degree=Pos	_	_	_	@vsv1938m-words#@vsv1938m#501.676#501.964
173	я	я	PRON	_	Case=Nom|Number=Sing|Person=1	_	_	_	@vsv1938m-words#@vsv1938m#501.964#502.252
174	считаю	считать	VERB	_	Aspect=Imp|Mood=Ind|Number=Sing|Person=1|Tense=Pres|VerbForm=Fin|Voice=Act	_	_	_	@vsv1938m-words#@vsv1938m#502.252#502.54
175	что	что	SCONJ	_	_	_	_	_	@vsv1938m-words#@vsv1938m#502.54#502.828
176	кино	кино	NOUN	_	Animacy=Inan|Case=Nom|Gender=Neut|Number=Sing	_	_	_	@vsv1938m-words#@vsv1938m#502.828#503.12
177	это	это	PRON	_	Animacy=Inan|Case=Nom|Gender=Neut|Number=Sing	_	_	_	@vsv1938m-words#@vsv1938m#503.698#504.295
178	искусство	искусство	NOUN	_	Animacy=Inan|Case=Nom|Gender=Neut|Number=Sing	_	_	_	@vsv1938m-words#@vsv1938m#504.912#505.764
179	режиссера	режиссер	NOUN	_	Animacy=Anim|Case=Gen|Gender=Masc|Number=Sing	_	_	_	@vsv1938m-words#@vsv1938m#505.764#506.617
180	автора	автор	NOUN	_	Animacy=Anim|Case=Gen|Gender=Masc|Number=Sing	_	_	_	@vsv1938m-words#@vsv1938m#506.711#507.604
181	если	если	SCONJ	_	_	_	_	_	@vsv1938m-words#@vsv1938m#508.006#508.389
182	режиссер	режиссер	NOUN	_	Animacy=Anim|Case=Nom|Gender=Masc|Number=Sing	_	_	_	@vsv1938m-words#@vsv1938m#508.389#508.772
183	автор	автор	NOUN	_	Animacy=Anim|Case=Nom|Gender=Masc|Number=Sing	_	_	_	@vsv1938m-words#@vsv1938m#508.772#509.155
184	тогда	тогда	ADV	_	Degree=Pos	_	_	_	@vsv1938m-words#@vsv1938m#509.155#509.538
185	есть	быть	VERB	_	Aspect=Imp|Mood=Ind|Number=Sing|Person=3|Tense=Pres|VerbForm=Fin|Voice=Act	_	_	_	@vsv1938m-words#@vsv1938m#509.538#509.921
186	кино	кино	NOUN	_	Animacy=Inan|Case=Nom|Gender=Neut|Number=Sing	_	_	_	@vsv1938m-words#@vsv1938m#509.921#510.308
187	а	а	CCONJ	_	_	_	_	_	@vsv1938m-words#@vsv1938m#511.208#511.571
188	если	если	SCONJ	_	_	_	_	_	@vsv1938m-words#@vsv1938m#511.571#511.934
189	он	он	PRON	_	Case=Nom|Gender=Masc|Number=Sing|Person=3	_	_	_	@vsv1938m-words#@vsv1938m#511.934#512.297
190	просто	просто	ADV	_	Degree=Pos	_	_	_	@vsv1938m-words#@vsv1938m#512.297#512.66
191	ремесленник	ремесленник	NOUN	_	Animacy=Anim|Case=Nom|Gender=Masc|Number=Sing	_	_	_	@vsv1938m-words#@vsv1938m#512.66#513.023
192	тогда	тогда	ADV	_	Degree=Pos	_	_	_	@vsv1938m-words#@vsv1938m#513.023#513.386
193	кино	кино	NOUN	_	Animacy=Inan|Case=Gen|Gender=Neut|Number=Sing	_	_	_	@vsv1938m-words#@vsv1938m#513.386#513.749
194	нету	нет	VERB	_	Aspect=Imp|Mood=Ind|Number=Sing|Person=3|Tense=Pres|VerbForm=Fin|Voice=Act	_	_	_	@vsv1938m-words#@vsv1938m#513.749#514.114
195	так	так	SCONJ	_	_	_	_	_	@vsv1938m-words#@vsv1938m#514.812#515.018
196	же	же	PART	_	_	_	_	_	@vsv1938m-words#@vsv1938m#515.018#515.224
197	как	как	SCONJ	_	_	_	_	_	@vsv1938m-words#@vsv1938m#515.224#515.43
198	вот	вот	PART	_	_	_	_	_	@vsv1938m-words#@vsv1938m#515.43#515.636
199	и	и	CCONJ	_	_	_	_	_	@vsv1938m-words#@vsv1938m#515.636#515.842
200	здесь	здесь	ADV	_	Degree=Pos	_	_	_	@vsv1938m-words#@vsv1938m#515.842#516.048
201	вот	вот	PART	_	_	_	_	_	@vsv1938m-words#@vsv1938m#516.048#516.254
202	в	в	ADP	_	_	_	_	_	@vsv1938m-words#@vsv1938m#516.254#516.46
203	этих	этот	DET	_	Case=Loc|Number=Plur	_	_	_	@vsv1938m-words#@vsv1938m#516.46#516.666
204	вот	вот	PART	_	_	_	_	_	@vsv1938m-words#@vsv1938m#516.666#516.872
205	песнях	песня	NOUN	_	Animacy=Inan|Case=Loc|Gender=Fem|Number=Plur	_	_	_	@vsv1938m-words#@vsv1938m#516.872#517.078
206	вот	вот	PART	_	_	_	_	_	@vsv1938m-words#@vsv1938m#517.078#517.295
207	есть	быть	VERB	_	Aspect=Imp|Mood=Ind|Number=Sing|Person=3|Tense=Pres|VerbForm=Fin|Voice=Act	_	_	_	@vsv1938m-words#@vsv1938m#517.812#518.312
208	какая-то	какой-то	DET	_	Case=Nom|Gender=Fem|Number=Sing	_	_	_	@vsv1938m-words#@vsv1938m#518.312#518.812
209	маленькая	маленький	ADJ	_	Case=Nom|Degree=Pos|Gender=Fem|Number=Sing	_	_	_	@vsv1938m-words#@vsv1938m#518.812#519.312
210	тонкость	тонкость	NOUN	_	Animacy=Inan|Case=Nom|Gender=Fem|Number=Sing	_	_	_	@vsv1938m-words#@vsv1938m#519.312#519.812
211	это	это	PRON	_	Animacy=Inan|Case=Acc|Gender=Neut|Number=Sing	_	_	_	@vsv1938m-words#@vsv1938m#520.107#520.51
212	вы	вы	PRON	_	Case=Nom|Number=Plur|Person=2	_	_	_	@vsv1938m-words#@vsv1938m#521.201#521.481
213	знаете	знать	VERB	_	Aspect=Imp|Mood=Ind|Number=Plur|Person=2|Tense=Pres|VerbForm=Fin|Voice=Act	_	_	_	@vsv1938m-words#@vsv1938m#521.481#521.761
214	вот	вот	PART	_	_	_	_	_	@vsv1938m-words#@vsv1938m#521.761#522.041
215	если	если	SCONJ	_	_	_	_	_	@vsv1938m-words#@vsv1938m#522.041#522.321
216	вы	вы	PRON	_	Case=Nom|Number=Plur|Person=2	_	_	_	@vsv1938m-words#@vsv1938m#522.321#522.601
217	обратили	обратить	VERB	_	Aspect=Perf|Mood=Ind|Number=Plur|Tense=Past|VerbForm=Fin|Voice=Act	_	_	_	@vsv1938m-words#@vsv1938m#522.601#522.881
218	внимание	внимание	NOUN	_	Animacy=Inan|Case=Acc|Gender=Neut|Number=Sing	_	_	_	@vsv1938m-words#@vsv1938m#522.881#523.161
219	почти	почти	ADV	_	Degree=Pos	_	_	_	@vsv1938m-words#@vsv1938m#523.161#523.441
220	все	весь	DET	_	Case=Nom|Number=Plur	_	_	_	@vsv1938m-words#@vsv1938m#523.441#523.721
221	мои	мой	DET	_	Case=Nom|Number=Plur	_	_	_	@vsv1938m-words#@vsv1938m#523.721#524.001
222	песни	песня	NOUN	_	Animacy=Inan|Case=Nom|Gender=Fem|Number=Plur	_	_	_	@vsv1938m-words#@vsv1938m#524.001#524.281
223	написаны	писать	VERB	_	Aspect=Perf|Number=Plur|Tense=Past|Variant=Short|VerbForm=Part|Voice=Pass	_	_	_	@vsv1938m-words#@vsv1938m#524.281#524.561
224	от	от	ADP	_	_	_	_	_	@vsv1938m-words#@vsv1938m#524.561#524.841
225	первого	первый	ADJ	_	Case=Gen|Degree=Pos|Gender=Neut|Number=Sing	_	_	_	@vsv1938m-words#@vsv1938m#524.841#525.121
226	лица	лицо	NOUN	_	Animacy=Inan|Case=Gen|Gender=Neut|Number=Sing	_	_	_	@vsv1938m-words#@vsv1938m#525.121#525.402
227	Булат	Булат	PROPN	_	Animacy=Anim|Case=Nom|Gender=Masc|Number=Sing	_	_	_	@vsv1938m-words#@vsv1938m#526.711#527.11
228	реже	редко	ADV	_	Degree=Cmp	_	_	_	@vsv1938m-words#@vsv1938m#527.11#527.509
229	это	это	PRON	_	Animacy=Inan|Case=Acc|Gender=Neut|Number=Sing	_	_	_	@vsv1938m-words#@vsv1938m#527.509#527.908
230	делает	делать	VERB	_	Aspect=Imp|Mood=Ind|Number=Sing|Person=3|Tense=Pres|VerbForm=Fin|Voice=Act	_	_	_	@vsv1938m-words#@vsv1938m#527.908#528.308
231	ну	ну	PART	_	_	_	_	_	@vsv1938m-words#@vsv1938m#528.899#529.159
232	я	я	PRON	_	Case=Nom|Number=Sing|Person=1	_	_	_	@vsv1938m-words#@vsv1938m#529.159#529.419
233	вам	вы	PRON	_	Case=Dat|Number=Plur|Person=2	_	_	_	@vsv1938m-words#@vsv1938m#529.419#529.679
234	скажу	сказать	VERB	_	Aspect=Perf|Mood=Ind|Number=Sing|Person=1|Tense=Fut|VerbForm=Fin|Voice=Act	_	_	_	@vsv1938m-words#@vsv1938m#529.679#529.939
235	я	я	PRON	_	Case=Nom|Number=Sing|Person=1	_	_	_	@vsv1938m-words#@vsv1938m#529.939#530.199
236	даже	даже	PART	_	_	_	_	_	@vsv1938m-words#@vsv1938m#530.199#530.459
237	не	не	PART	_	_	_	_	_	@vsv1938m-words#@vsv1938m#530.459#530.719
238	хочу	хотеть	VERB	_	Aspect=Imp|Mood=Ind|Number=Sing|Person=1|Tense=Pres|VerbForm=Fin|Voice=Act	_	_	_	@vsv1938m-words#@vsv1938m#530.719#530.979
239	сравнивать	сравнивать	VERB	_	Aspect=Imp|VerbForm=Inf|Voice=Act	_	_	_	@vsv1938m-words#@vsv1938m#530.979#531.239
240	и	и	CCONJ	_	_	_	_	_	@vsv1938m-words#@vsv1938m#531.239#531.499
241	вообще	вообще	ADV	_	Degree=Pos	_	_	_	@vsv1938m-words#@vsv1938m#531.499#531.759
242	в	в	ADP	_	_	_	_	_	@vsv1938m-words#@vsv1938m#531.759#532.019
243	этом	этот	DET	_	Case=Loc|Gender=Masc|Number=Sing	_	_	_	@vsv1938m-words#@vsv1938m#532.019#532.279
244	разговоре	разговор	NOUN	_	Animacy=Inan|Case=Loc|Gender=Masc|Number=Sing	_	_	_	@vsv1938m-words#@vsv1938m#532.279#532.539
245	его	он	PRON	_	Case=Gen|Number=Sing|Person=3	_	_	_	@vsv1938m-words#@vsv1938m#532.539#532.805
246	упоминать	упоминать	VERB	_	Aspect=Imp|VerbForm=Inf|Voice=Act	_	_	_	@vsv1938m-words#@vsv1938m#533.013#533.464
247	упомянуть	упоминать	VERB	_	Aspect=Perf|VerbForm=Inf|Voice=Act	_	_	_	@vsv1938m-words#@vsv1938m#533.464#533.915
248	хочу	хотеть	VERB	_	Aspect=Imp|Mood=Ind|Number=Sing|Person=1|Tense=Pres|VerbForm=Fin|Voice=Act	_	_	_	@vsv1938m-words#@vsv1938m#533.915#534.366
249	только	только	ADV	_	Degree=Pos	_	_	_	@vsv1938m-words#@vsv1938m#534.366#534.817
250	с	с	ADP	_	_	_	_	_	@vsv1938m-words#@vsv1938m#534.817#535.268
251	большим	больший	ADJ	_	Case=Ins|Degree=Pos|Gender=Neut|Number=Sing	_	_	_	@vsv1938m-words#@vsv1938m#535.268#535.719
252	уважением	уважение	NOUN	_	Animacy=Inan|Case=Ins|Gender=Neut|Number=Sing	_	_	_	@vsv1938m-words#@vsv1938m#535.719#536.174
253	ээ	ээ	X	_	_	_	_	_	@vsv1938m-words#@vsv1938m#536.597#536.861
254	и	и	CCONJ	_	_	_	_	_	@vsv1938m-words#@vsv1938m#536.861#537.125
255	мы	мы	PRON	_	Case=Nom|Number=Plur|Person=1	_	_	_	@vsv1938m-words#@vsv1938m#537.125#537.389
256	так	так	ADV	_	Degree=Pos	_	_	_	@vsv1938m-words#@vsv1938m#537.389#537.653
257	закончим	закончить	VERB	_	Aspect=Imp|Mood=Ind|Number=Plur|Person=1|Tense=Pres|VerbForm=Fin|Voice=Act	_	_	_	@vsv1938m-words#@vsv1938m#537.653#537.917
258	на	на	ADP	_	_	_	_	_	@vsv1938m-words#@vsv1938m#537.917#538.181
259	этом	это	PRON	_	Animacy=Inan|Case=Loc|Gender=Neut|Number=Sing	_	_	_	@vsv1938m-words#@vsv1938m#538.181#538.445
260	просто	просто	ADV	_	Degree=Pos	_	_	_	@vsv1938m-words#@vsv1938m#538.445#538.709
261	я	я	PRON	_	Case=Nom|Number=Sing|Person=1	_	_	_	@vsv1938m-words#@vsv1938m#538.709#538.973
262	его	он	PRON	_	Case=Gen|Number=Sing|Person=3	_	_	_	@vsv1938m-words#@vsv1938m#538.973#539.237
263	люблю	любить	NOUN	_	Animacy=Inan|Case=Acc|Gender=Fem|Number=Sing	_	_	_	@vsv1938m-words#@vsv1938m#539.237#539.501
264	и	и	CCONJ	_	_	_	_	_	@vsv1938m-words#@vsv1938m#539.501#539.765
265	стихи	стих	NOUN	_	Animacy=Inan|Case=Acc|Gender=Masc|Number=Plur	_	_	_	@vsv1938m-words#@vsv1938m#539.765#540.029
266	его	его	DET	_	Case=Acc|Number=Plur	_	_	_	@vsv1938m-words#@vsv1938m#540.029#540.293
267	и	и	CCONJ	_	_	_	_	_	@vsv1938m-words#@vsv1938m#540.293#540.557
268	как	как	ADV	_	Degree=Pos	_	_	_	@vsv1938m-words#@vsv1938m#540.557#540.821
269	он	он	PRON	_	Case=Nom|Gender=Masc|Number=Sing|Person=3	_	_	_	@vsv1938m-words#@vsv1938m#540.821#541.085
270	это	это	PRON	_	Animacy=Inan|Case=Acc|Gender=Neut|Number=Sing	_	_	_	@vsv1938m-words#@vsv1938m#541.085#541.349
271	делает	делать	VERB	_	Aspect=Imp|Mood=Ind|Number=Sing|Person=3|Tense=Pres|VerbForm=Fin|Voice=Act	_	_	_	@vsv1938m-words#@vsv1938m#541.349#541.613
272	и	и	CCONJ	_	_	_	_	_	@vsv1938m-words#@vsv1938m#541.613#541.877
273	вообще	вообще	ADV	_	Degree=Pos	_	_	_	@vsv1938m-words#@vsv1938m#541.877#542.141
274	просто	просто	ADV	_	Degree=Pos	_	_	_	@vsv1938m-words#@vsv1938m#542.141#542.405
275	как	как	SCONJ	_	_	_	_	_	@vsv1938m-words#@vsv1938m#542.405#542.669
276	личность	личность	NOUN	_	Animacy=Inan|Case=Acc|Gender=Fem|Number=Sing	_	_	_	@vsv1938m-words#@vsv1938m#542.669#542.953
277	это	это	PRON	_	Animacy=Inan|Case=Nom|Gender=Neut|Number=Sing	_	_	_	@vsv1938m-words#@vsv1938m#543.308#543.659
278	само	сам	DET	_	Case=Nom|Gender=Neut|Number=Sing	_	_	_	@vsv1938m-words#@vsv1938m#543.659#544.01
279	собой	себя	PRON	_	Case=Ins	_	_	_	@vsv1938m-words#@vsv1938m#544.01#544.362
280	понимаете	понимать	VERB	_	Aspect=Imp|Mood=Ind|Number=Plur|Person=2|Tense=Pres|VerbForm=Fin|Voice=Act	_	_	_	@vsv1938m-words#@vsv1938m#545.711#546.416
281	вот	вот	PART	_	_	_	_	_	@vsv1938m-words#@vsv1938m#546.503#546.853
282	я	я	PRON	_	Case=Nom|Number=Sing|Person=1	_	_	_	@vsv1938m-words#@vsv1938m#546.853#547.203
283	получаю	получать	VERB	_	Aspect=Imp|Mood=Ind|Number=Sing|Person=1|Tense=Pres|VerbForm=Fin|Voice=Act	_	_	_	@vsv1938m-words#@vsv1938m#547.203#547.553
284	письма	письмо	NOUN	_	Animacy=Inan|Case=Acc|Gender=Neut|Number=Plur	_	_	_	@vsv1938m-words#@vsv1938m#547.553#547.906
285	и	и	CCONJ	_	_	_	_	_	@vsv1938m-words#@vsv1938m#548.013#548.288
286	в	в	ADP	_	_	_	_	_	@vsv1938m-words#@vsv1938m#548.288#548.563
287	них	они	PRON	_	Case=Loc|Number=Plur|Person=3	_	_	_	@vsv1938m-words#@vsv1938m#548.563#548.838
288	спрашивают	спрашивать	VERB	_	Aspect=Imp|Mood=Ind|Number=Plur|Person=3|Tense=Pres|VerbForm=Fin|Voice=Act	_	_	_	@vsv1938m-words#@vsv1938m#548.838#549.114
289	не	не	PART	_	_	_	_	_	@vsv1938m-words#@vsv1938m#549.51#549.768
290	плавал	плавать	VERB	_	Aspect=Imp|Gender=Masc|Mood=Ind|Number=Sing|Tense=Past|VerbForm=Fin|Voice=Act	_	_	_	@vsv1938m-words#@vsv1938m#549.768#550.026
291	ли	ли	PART	_	_	_	_	_	@vsv1938m-words#@vsv1938m#550.026#550.284
292	я	я	PRON	_	Case=Nom|Number=Sing|Person=1	_	_	_	@vsv1938m-words#@vsv1938m#550.284#550.542
293	не	не	PART	_	_	_	_	_	@vsv1938m-words#@vsv1938m#550.542#550.8
294	летал	летать	VERB	_	Aspect=Imp|Gender=Masc|Mood=Ind|Number=Sing|Tense=Past|VerbForm=Fin|Voice=Act	_	_	_	@vsv1938m-words#@vsv1938m#550.8#551.058
295	ли	ли	PART	_	_	_	_	_	@vsv1938m-words#@vsv1938m#551.058#551.316
296	не	не	PART	_	_	_	_	_	@vsv1938m-words#@vsv1938m#551.316#551.574
297	сидел	сидеть	VERB	_	Aspect=Imp|Gender=Masc|Mood=Ind|Number=Sing|Tense=Past|VerbForm=Fin|Voice=Act	_	_	_	@vsv1938m-words#@vsv1938m#551.574#551.832
298	ли	ли	PART	_	_	_	_	_	@vsv1938m-words#@vsv1938m#551.832#552.09
299	не	не	PART	_	_	_	_	_	@vsv1938m-words#@vsv1938m#552.09#552.348
300	шоферил	шоферить	VERB	_	Aspect=Imp|Gender=Masc|Mood=Ind|Number=Sing|Tense=Past|VerbForm=Fin|Voice=Act	_	_	_	@vsv1938m-words#@vsv1938m#552.348#552.606
301	ли	ли	PART	_	_	_	_	_	@vsv1938m-words#@vsv1938m#552.606#552.864
302	не	не	PART	_	_	_	_	_	@vsv1938m-words#@vsv1938m#552.864#553.122
303	воевал	воевать	VERB	_	Aspect=Imp|Gender=Masc|Mood=Ind|Number=Sing|Tense=Past|VerbForm=Fin|Voice=Act	_	_	_	@vsv1938m-words#@vsv1938m#553.122#553.38
304	ли	ли	PART	_	_	_	_	_	@vsv1938m-words#@vsv1938m#553.38#553.638
305	и	и	CCONJ	_	_	_	_	_	@vsv1938m-words#@vsv1938m#553.638#553.896
306	так	так	ADV	_	Degree=Pos	_	_	_	@vsv1938m-words#@vsv1938m#553.896#554.154
307	далее	далее	ADV	_	Degree=Pos	_	_	_	@vsv1938m-words#@vsv1938m#554.154#554.416
308	э	э	X	_	_	_	_	_	@vsv1938m-words#@vsv1938m#555.1#555.352
309	ну	ну	PART	_	_	_	_	_	@vsv1938m-words#@vsv1938m#555.352#555.604
310	во-первых	во-первых	ADV	_	Degree=Pos	_	_	_	@vsv1938m-words#@vsv1938m#555.805#556.342
311	я	я	PRON	_	Case=Nom|Number=Sing|Person=1	_	_	_	@vsv1938m-words#@vsv1938m#556.503#556.812
312	так	так	ADV	_	Degree=Pos	_	_	_	@vsv1938m-words#@vsv1938m#556.812#557.121
313	считаю	считать	VERB	_	Aspect=Imp|Mood=Ind|Number=Sing|Person=1|Tense=Pres|VerbForm=Fin|Voice=Act	_	_	_	@vsv1938m-words#@vsv1938m#557.121#557.43
314	это	это	PRON	_	Animacy=Inan|Case=Acc|Gender=Neut|Number=Sing	_	_	_	@vsv1938m-words#@vsv1938m#557.43#557.739
315	похвалой	похвала	NOUN	_	Animacy=Inan|Case=Ins|Gender=Fem|Number=Sing	_	_	_	@vsv1938m-words#@vsv1938m#557.739#558.048
316	своего	свой	DET	_	Case=Gen|Gender=Masc|Number=Sing	_	_	_	@vsv1938m-words#@vsv1938m#558.048#558.357
317	рода	род	NOUN	_	Animacy=Inan|Case=Gen|Gender=Masc|Number=Sing	_	_	_	@vsv1938m-words#@vsv1938m#558.357#558.666
318	потому	потому	ADV	_	Degree=Pos	_	_	_	@vsv1938m-words#@vsv1938m#558.666#558.975
319	что	что	SCONJ	_	_	_	_	_	@vsv1938m-words#@vsv1938m#558.975#559.288
320	люди	человек	NOUN	_	Animacy=Anim|Case=Nom|Gender=Masc|Number=Plur	_	_	_	@vsv1938m-words#@vsv1938m#559.402#559.683
321	думают	думать	VERB	_	Aspect=Imp|Mood=Ind|Number=Plur|Person=3|Tense=Pres|VerbForm=Fin|Voice=Act	_	_	_	@vsv1938m-words#@vsv1938m#559.683#559.964
322	что	что	SCONJ	_	_	_	_	_	@vsv1938m-words#@vsv1938m#559.964#560.245
323	если	если	SCONJ	_	_	_	_	_	@vsv1938m-words#@vsv1938m#560.245#560.526
324	человек	человек	NOUN	_	Animacy=Anim|Case=Nom|Gender=Masc|Number=Sing	_	_	_	@vsv1938m-words#@vsv1938m#560.526#560.807
325	так	так	ADV	_	Degree=Pos	_	_	_	@vsv1938m-words#@vsv1938m#560.807#561.088
326	пишет	писать	VERB	_	Aspect=Imp|Mood=Ind|Number=Sing|Person=3|Tense=Pres|VerbForm=Fin|Voice=Act	_	_	_	@vsv1938m-words#@vsv1938m#561.088#561.369
327	и	и	PART	_	_	_	_	_	@vsv1938m-words#@vsv1938m#561.369#561.65
328	так	так	ADV	_	Degree=Pos	_	_	_	@vsv1938m-words#@vsv1938m#561.65#561.931
329	знает	знать	VERB	_	Aspect=Imp|Mood=Ind|Number=Sing|Person=3|Tense=Pres|VerbForm=Fin|Voice=Act	_	_	_	@vsv1938m-words#@vsv1938m#561.931#562.212
330	предмет	предмет	NOUN	_	Animacy=Inan|Case=Acc|Gender=Masc|Number=Sing	_	_	_	@vsv1938m-words#@vsv1938m#562.212#562.503
331	хотя	хотя	SCONJ	_	_	_	_	_	@vsv1938m-words#@vsv1938m#563.308#563.737
332	они	они	PRON	_	Case=Nom|Number=Plur|Person=3	_	_	_	@vsv1938m-words#@vsv1938m#563.737#564.166
333	ошибаются	ошибаться	VERB	_	Aspect=Imp|Mood=Ind|Number=Plur|Person=3|Tense=Pres|VerbForm=Fin|Voice=Mid	_	_	_	@vsv1938m-words#@vsv1938m#564.166#564.597
334	я	я	PRON	_	Case=Nom|Number=Sing|Person=1	_	_	_	@vsv1938m-words#@vsv1938m#564.711#565.026
335	во	в	ADP	_	_	_	_	_	@vsv1938m-words#@vsv1938m#565.1#565.433
336	многих	многий	DET	_	Case=Loc|Number=Plur	_	_	_	@vsv1938m-words#@vsv1938m#565.433#565.766
337	случаях	случай	NOUN	_	Animacy=Inan|Case=Loc|Gender=Masc|Number=Plur	_	_	_	@vsv1938m-words#@vsv1938m#565.766#566.1
338	предмета	предмет	NOUN	_	Animacy=Inan|Case=Gen|Gender=Masc|Number=Sing	_	_	_	@vsv1938m-words#@vsv1938m#566.208#566.527
339	не	не	PART	_	_	_	_	_	@vsv1938m-words#@vsv1938m#566.527#566.846
340	знаю	знать	VERB	_	Aspect=Imp|Mood=Ind|Number=Sing|Person=1|Tense=Pres|VerbForm=Fin|Voice=Act	_	_	_	@vsv1938m-words#@vsv1938m#566.846#567.165
341	хотя	хотя	SCONJ	_	_	_	_	_	@vsv1938m-words#@vsv1938m#567.165#567.484
342	в	в	ADP	_	_	_	_	_	@vsv1938m-words#@vsv1938m#567.484#567.803
343	общем	общий	ADJ	_	Case=Loc|Degree=Pos|Gender=Neut|Number=Sing	_	_	_	@vsv1938m-words#@vsv1938m#567.803#568.122
344	человек	человек	NOUN	_	Animacy=Anim|Case=Nom|Gender=Masc|Number=Sing	_	_	_	@vsv1938m-words#@vsv1938m#568.122#568.441
345	любознательный	любознательный	ADJ	_	Case=Nom|Degree=Pos|Gender=Masc|Number=Sing	_	_	_	@vsv1938m-words#@vsv1938m#568.441#568.76
346	и	и	CCONJ	_	_	_	_	_	@vsv1938m-words#@vsv1938m#568.76#569.079
347	любопытный	любопытный	ADJ	_	Case=Nom|Degree=Pos|Gender=Masc|Number=Sing	_	_	_	@vsv1938m-words#@vsv1938m#569.079#569.398
348	и	и	CCONJ	_	_	_	_	_	@vsv1938m-words#@vsv1938m#569.398#569.717
349	очень	очень	ADV	_	Degree=Pos	_	_	_	@vsv1938m-words#@vsv1938m#569.717#570.036
350	пытаюсь	пытаться	VERB	_	Aspect=Imp|Mood=Ind|Number=Sing|Person=1|Tense=Pres|VerbForm=Fin|Voice=Mid	_	_	_	@vsv1938m-words#@vsv1938m#570.036#570.355
351	как-то	как-то	ADV	_	Degree=Pos	_	_	_	@vsv1938m-words#@vsv1938m#570.355#570.674
352	до...	до...	X	_	_	_	_	_	@vsv1938m-words#@vsv1938m#570.674#570.993
353	докопаться	докопаться	VERB	_	Aspect=Imp|VerbForm=Inf|Voice=Mid	_	_	_	@vsv1938m-words#@vsv1938m#570.993#571.315
354	нет	нет	INTJ	_	_	_	_	_	@vsv1938m-words#@vsv1938m#572.013#572.332
355	тут	тут	ADV	_	Degree=Pos	_	_	_	@vsv1938m-words#@vsv1938m#572.332#572.651
356	есть	быть	VERB	_	Aspect=Imp|Mood=Ind|Number=Sing|Person=3|Tense=Pres|VerbForm=Fin|Voice=Act	_	_	_	@vsv1938m-words#@vsv1938m#572.651#572.97
357	самое	самый	ADJ	_	Case=Nom|Degree=Pos|Gender=Neut|Number=Sing	_	_	_	@vsv1938m-words#@vsv1938m#572.97#573.289
358	главное	главный	ADJ	_	Case=Nom|Degree=Pos|Gender=Neut|Number=Sing	_	_	_	@vsv1938m-words#@vsv1938m#573.289#573.61
359	что	что	SCONJ	_	_	_	_	_	@vsv1938m-words#@vsv1938m#573.718#574.044
360	в	в	ADP	_	_	_	_	_	@vsv1938m-words#@vsv1938m#574.044#574.37
361	этом	это	PRON	_	Animacy=Inan|Case=Loc|Gender=Neut|Number=Sing	_	_	_	@vsv1938m-words#@vsv1938m#574.37#574.696
362	есть	быть	VERB	_	Aspect=Imp|Mood=Ind|Number=Sing|Person=3|Tense=Pres|VerbForm=Fin|Voice=Act	_	_	_	@vsv1938m-words#@vsv1938m#574.696#575.022
363	мое	мой	DET	_	Case=Nom|Gender=Neut|Number=Sing	_	_	_	@vsv1938m-words#@vsv1938m#575.022#575.348
364	собственное	собственный	ADJ	_	Case=Nom|Degree=Pos|Gender=Neut|Number=Sing	_	_	_	@vsv1938m-words#@vsv1938m#575.348#575.674
365	мнение	мнение	NOUN	_	Animacy=Inan|Case=Nom|Gender=Neut|Number=Sing	_	_	_	@vsv1938m-words#@vsv1938m#575.674#576.0
366	и	и	CCONJ	_	_	_	_	_	@vsv1938m-words#@vsv1938m#576.0#576.326
367	суждение	суждение	NOUN	_	Animacy=Inan|Case=Nom|Gender=Neut|Number=Sing	_	_	_	@vsv1938m-words#@vsv1938m#576.326#576.657
368	о	о	ADP	_	_	_	_	_	@vsv1938m-words#@vsv1938m#577.006#577.325
369	тех	тот	DET	_	Case=Loc|Number=Plur	_	_	_	@vsv1938m-words#@vsv1938m#577.325#577.644
370	предметах	предмет	NOUN	_	Animacy=Inan|Case=Loc|Gender=Masc|Number=Plur	_	_	_	@vsv1938m-words#@vsv1938m#577.644#577.963
371	и	и	CCONJ	_	_	_	_	_	@vsv1938m-words#@vsv1938m#577.963#578.282
372	вещах	вещь	NOUN	_	Animacy=Inan|Case=Loc|Gender=Fem|Number=Plur	_	_	_	@vsv1938m-words#@vsv1938m#578.282#578.601
373	и	и	CCONJ	_	_	_	_	_	@vsv1938m-words#@vsv1938m#578.601#578.92
374	людях	человек	NOUN	_	Animacy=Anim|Case=Loc|Gender=Masc|Number=Plur	_	_	_	@vsv1938m-words#@vsv1938m#578.92#579.239
375	и	и	CCONJ	_	_	_	_	_	@vsv1938m-words#@vsv1938m#579.239#579.558
376	проблемах	проблема	NOUN	_	Animacy=Inan|Case=Loc|Gender=Fem|Number=Plur	_	_	_	@vsv1938m-words#@vsv1938m#579.558#579.877
377	о	о	ADP	_	_	_	_	_	@vsv1938m-words#@vsv1938m#579.877#580.196
378	которых	который	DET	_	Case=Loc|Number=Plur	_	_	_	@vsv1938m-words#@vsv1938m#580.196#580.515
379	я	я	PRON	_	Case=Nom|Number=Sing|Person=1	_	_	_	@vsv1938m-words#@vsv1938m#580.515#580.834
380	рассказываю	рассказывать	VERB	_	Aspect=Imp|Mood=Ind|Number=Sing|Person=1|Tense=Pres|VerbForm=Fin|Voice=Act	_	_	_	@vsv1938m-words#@vsv1938m#580.834#581.153
381	вы	вы	PRON	_	Case=Nom|Number=Plur|Person=2	_	_	_	@vsv1938m-words#@vsv1938m#581.153#581.472
382	понимаете	понимать	VERB	_	Aspect=Imp|Mood=Ind|Number=Plur|Person=2|Tense=Pres|VerbForm=Fin|Voice=Act	_	_	_	@vsv1938m-words#@vsv1938m#581.472#581.805
383	поэтому	поэтому	ADV	_	Degree=Pos	_	_	_	@vsv1938m-words#@vsv1938m#582.295#582.645
384	я	я	PRON	_	Case=Nom|Number=Sing|Person=1	_	_	_	@vsv1938m-words#@vsv1938m#582.645#582.995
385	хочу	хотеть	VERB	_	Aspect=Imp|Mood=Ind|Number=Sing|Person=1|Tense=Pres|VerbForm=Fin|Voice=Act	_	_	_	@vsv1938m-words#@vsv1938m#582.995#583.345
386	от	от	ADP	_	_	_	_	_	@vsv1938m-words#@vsv1938m#583.345#583.695
387	себя	себя	PRON	_	Case=Gen	_	_	_	@vsv1938m-words#@vsv1938m#583.695#584.045
388	писать	писать	VERB	_	Aspect=Imp|VerbForm=Inf|Voice=Act	_	_	_	@vsv1938m-words#@vsv1938m#584.045#584.396
389	от	от	ADP	_	_	_	_	_	@vsv1938m-words#@vsv1938m#584.51#584.758
390	я	я	PRON	_	Case=Nom|Number=Sing|Person=1	_	_	_	@vsv1938m-words#@vsv1938m#584.758#585.006
391	это	это	PRON	_	Animacy=Inan|Case=Nom|Gender=Neut|Number=Sing	_	_	_	@vsv1938m-words#@vsv1938m#586.0#586.406
392	первое	первый	ADJ	_	Case=Acc|Degree=Pos|Gender=Neut|Number=Sing	_	_	_	@vsv1938m-words#@vsv1938m#586.406#586.812
393	ну	ну	PART	_	_	_	_	_	@vsv1938m-words#@vsv1938m#587.1#587.349
394	а	а	CCONJ	_	_	_	_	_	@vsv1938m-words#@vsv1938m#587.503#587.889
395	если	если	SCONJ	_	_	_	_	_	@vsv1938m-words#@vsv1938m#587.889#588.275
396	говорить	говорить	VERB	_	Aspect=Imp|VerbForm=Inf|Voice=Act	_	_	_	@vsv1938m-words#@vsv1938m#588.275#588.661
397	о	о	ADP	_	_	_	_	_	@vsv1938m-words#@vsv1938m#588.661#589.047
398	такой	такой	DET	_	Case=Loc|Gender=Fem|Number=Sing	_	_	_	@vsv1938m-words#@vsv1938m#589.047#589.433
399	юмористической	юмористический	ADJ	_	Case=Loc|Degree=Pos|Gender=Fem|Number=Sing	_	_	_	@vsv1938m-words#@vsv1938m#589.433#589.819
400	стороне	сторона	NOUN	_	Animacy=Inan|Case=Loc|Gender=Fem|Number=Sing	_	_	_	@vsv1938m-words#@vsv1938m#589.819#590.205
401	дела	дело	NOUN	_	Animacy=Inan|Case=Gen|Gender=Neut|Number=Sing	_	_	_	@vsv1938m-words#@vsv1938m#590.205#590.597
402	то	то	SCONJ	_	_	_	_	_	@vsv1938m-words#@vsv1938m#590.704#591.013
403	может	мочь	VERB	_	Aspect=Imp|Mood=Ind|Number=Sing|Person=3|Tense=Pres|VerbForm=Fin|Voice=Act	_	_	_	@vsv1938m-words#@vsv1938m#591.1#591.433
404	быть	быть	AUX	_	Aspect=Imp|VerbForm=Inf|Voice=Act	_	_	_	@vsv1938m-words#@vsv1938m#591.433#591.766
405	в	в	ADP	_	_	_	_	_	@vsv1938m-words#@vsv1938m#591.766#592.099
406	отличие	отличие	NOUN	_	Animacy=Inan|Case=Acc|Gender=Neut|Number=Sing	_	_	_	@vsv1938m-words#@vsv1938m#592.099#592.432
407	от	от	ADP	_	_	_	_	_	@vsv1938m-words#@vsv1938m#592.432#592.765
408	него	он	PRON	_	Case=Gen|Gender=Masc|Number=Sing|Person=3	_	_	_	@vsv1938m-words#@vsv1938m#592.765#593.1
409	в	в	ADP	_	_	_	_	_	@vsv1938m-words#@vsv1938m#593.51#593.872
410	отличие	отличие	NOUN	_	Animacy=Inan|Case=Acc|Gender=Neut|Number=Sing	_	_	_	@vsv1938m-words#@vsv1938m#593.872#594.234
411	от	от	ADP	_	_	_	_	_	@vsv1938m-words#@vsv1938m#594.234#594.596
412	многих	многий	DET	_	Case=Loc|Number=Plur	_	_	_	@vsv1938m-words#@vsv1938m#594.596#594.958
413	других	другой	ADJ	_	Case=Gen|Degree=Pos|Number=Plur	_	_	_	@vsv1938m-words#@vsv1938m#594.958#595.32
414	поэтов	поэт	NOUN	_	Animacy=Inan|Case=Gen|Gender=Masc|Number=Plur	_	_	_	@vsv1938m-words#@vsv1938m#595.32#595.682
415	которые	который	PRON	_	Case=Nom	_	_	_	@vsv1938m-words#@vsv1938m#595.682#596.044
416	писа...	писа...	X	_	_	_	_	_	@vsv1938m-words#@vsv1938m#596.044#596.409
417	пытаются	пытаться	VERB	_	Aspect=Imp|Mood=Ind|Number=Plur|Person=3|Tense=Pres|VerbForm=Fin|Voice=Mid	_	_	_	@vsv1938m-words#@vsv1938m#596.805#597.121
418	делать	делать	VERB	_	Aspect=Imp|VerbForm=Inf|Voice=Act	_	_	_	@vsv1938m-words#@vsv1938m#597.121#597.437
419	и	и	CCONJ	_	_	_	_	_	@vsv1938m-words#@vsv1938m#597.437#597.753
420	песни	песня	NOUN	_	Animacy=Inan|Case=Acc|Gender=Fem|Number=Plur	_	_	_	@vsv1938m-words#@vsv1938m#597.753#598.069
421	и	и	CCONJ	_	_	_	_	_	@vsv1938m-words#@vsv1938m#598.069#598.385
422	стихи	стих	NOUN	_	Animacy=Inan|Case=Acc|Gender=Masc|Number=Plur	_	_	_	@vsv1938m-words#@vsv1938m#598.385#598.704
423	всё-таки	все-таки	PART	_	_	_	_	_	@vsv1938m-words#@vsv1938m#599.094#599.484
424	я	я	PRON	_	Case=Nom|Number=Sing|Person=1	_	_	_	@vsv1938m-words#@vsv1938m#599.484#599.874
425	актер	актер	NOUN	_	Animacy=Anim|Case=Nom|Gender=Masc|Number=Sing	_	_	_	@vsv1938m-words#@vsv1938m#599.874#600.264
426	понимаете	понимать	VERB	_	Aspect=Imp|Mood=Ind|Number=Plur|Person=2|Tense=Pres|VerbForm=Fin|Voice=Act	_	_	_	@vsv1938m-words#@vsv1938m#600.264#600.657
427	и	и	PART	_	_	_	_	_	@vsv1938m-words#@vsv1938m#600.704#600.991
428	я	я	PRON	_	Case=Nom|Number=Sing|Person=1	_	_	_	@vsv1938m-words#@vsv1938m#600.991#601.278
429	часто	часто	ADV	_	Degree=Pos	_	_	_	@vsv1938m-words#@vsv1938m#601.278#601.565
430	бывал	бывать	VERB	_	Aspect=Imp|Gender=Masc|Mood=Ind|Number=Sing|Tense=Past|VerbForm=Fin|Voice=Act	_	_	_	@vsv1938m-words#@vsv1938m#601.565#601.852
431	в	в	ADP	_	_	_	_	_	@vsv1938m-words#@vsv1938m#601.852#602.139
432	шкуре	шкура	NOUN	_	Animacy=Inan|Case=Loc|Gender=Fem|Number=Sing	_	_	_	@vsv1938m-words#@vsv1938m#602.139#602.426
433	других	другой	ADJ	_	Case=Gen|Degree=Pos|Number=Plur	_	_	_	@vsv1938m-words#@vsv1938m#602.426#602.713
434	людей	человек	NOUN	_	Animacy=Anim|Case=Gen|Gender=Masc|Number=Plur	_	_	_	@vsv1938m-words#@vsv1938m#602.713#603.006
435	и	и	CCONJ	_	_	_	_	_	@vsv1938m-words#@vsv1938m#603.51#603.876
436	мне	я	PRON	_	Case=Dat|Number=Sing|Person=1	_	_	_	@vsv1938m-words#@vsv1938m#603.876#604.242
437	наверное	наверное	ADV	_	Degree=Pos	_	_	_	@vsv1938m-words#@vsv1938m#604.242#604.608
438	проще	просто	ADV	_	Degree=Cmp	_	_	_	@vsv1938m-words#@vsv1938m#604.608#604.974
439	говорить	говорить	VERB	_	Aspect=Imp|VerbForm=Inf|Voice=Act	_	_	_	@vsv1938m-words#@vsv1938m#604.974#605.34
440	от	от	ADP	_	_	_	_	_	@vsv1938m-words#@vsv1938m#605.34#605.706
441	имени	имя	NOUN	_	Animacy=Inan|Case=Gen|Gender=Neut|Number=Sing	_	_	_	@vsv1938m-words#@vsv1938m#605.706#606.072
442	других	другой	ADJ	_	Case=Gen|Degree=Pos|Number=Plur	_	_	_	@vsv1938m-words#@vsv1938m#606.072#606.438
443	людей	человек	NOUN	_	Animacy=Anim|Case=Gen|Gender=Masc|Number=Plur	_	_	_	@vsv1938m-words#@vsv1938m#606.438#606.805
444	и	и	CCONJ	_	_	_	_	_	@vsv1938m-words#@vsv1938m#607.805#608.204
445	наверное	наверное	ADV	_	Degree=Pos	_	_	_	@vsv1938m-words#@vsv1938m#608.204#608.603
446	и	и	CCONJ	_	_	_	_	_	@vsv1938m-words#@vsv1938m#608.603#609.002
447	проще	просто	ADV	_	Degree=Cmp	_	_	_	@vsv1938m-words#@vsv1938m#609.002#609.401
448	их	их	DET	_	Case=Nom|Number=Plur	_	_	_	@vsv1938m-words#@vsv1938m#609.401#609.8
449	проблемы	проблема	NOUN	_	Animacy=Inan|Case=Acc|Gender=Fem|Number=Plur	_	_	_	@vsv1938m-words#@vsv1938m#609.8#610.199
450	на	на	ADP	_	_	_	_	_	@vsv1938m-words#@vsv1938m#610.199#610.598
451	себя	себя	PRON	_	Case=Acc	_	_	_	@vsv1938m-words#@vsv1938m#610.598#610.997
452	надевать	надевать	VERB	_	Aspect=Imp|VerbForm=Inf|Voice=Act	_	_	_	@vsv1938m-words#@vsv1938m#610.997#611.396
453	как	как	SCONJ	_	_	_	_	_	@vsv1938m-words#@vsv1938m#611.396#611.795
454	кожу	кожа	NOUN	_	Animacy=Inan|Case=Acc|Gender=Fem|Number=Sing	_	_	_	@vsv1938m-words#@vsv1938m#611.795#612.194
455	понимаете	понимать	VERB	_	Aspect=Imp|Mood=Ind|Number=Plur|Person=2|Tense=Pres|VerbForm=Fin|Voice=Act	_	_	_	@vsv1938m-words#@vsv1938m#612.194#612.597
456	вот	вот	PART	_	_	_	_	_	@vsv1938m-words#@vsv1938m#613.006#613.328
457	из-за	из-за	ADP	_	_	_	_	_	@vsv1938m-words#@vsv1938m#613.328#613.65
458	этого	этот	PRON	_	Animacy=Inan|Case=Gen|Gender=Neut|Number=Sing	_	_	_	@vsv1938m-words#@vsv1938m#613.65#613.972
459	люди	человек	NOUN	_	Animacy=Anim|Case=Nom|Gender=Masc|Number=Plur	_	_	_	@vsv1938m-words#@vsv1938m#613.972#614.294
460	обманываются	обманывать	VERB	_	Aspect=Imp|Mood=Ind|Number=Plur|Person=3|Tense=Pres|VerbForm=Fin|Voice=Pass	_	_	_	@vsv1938m-words#@vsv1938m#614.294#614.616
461	и	и	CCONJ	_	_	_	_	_	@vsv1938m-words#@vsv1938m#614.616#614.938
462	думают	думать	VERB	_	Aspect=Imp|Mood=Ind|Number=Plur|Tense=Pres|VerbForm=Fin|Voice=Act	_	_	_	@vsv1938m-words#@vsv1938m#614.938#615.26
463	тогда	тогда	ADV	_	Degree=Pos	_	_	_	@vsv1938m-words#@vsv1938m#615.26#615.582
464	я	я	PRON	_	Case=Nom|Number=Sing|Person=1	_	_	_	@vsv1938m-words#@vsv1938m#615.582#615.904
465	получил	получить	VERB	_	Aspect=Perf|Gender=Masc|Mood=Ind|Number=Sing|Tense=Past|VerbForm=Fin|Voice=Act	_	_	_	@vsv1938m-words#@vsv1938m#615.904#616.226
466	письмо	письмо	NOUN	_	Animacy=Inan|Case=Acc|Gender=Neut|Number=Sing	_	_	_	@vsv1938m-words#@vsv1938m#616.226#616.548
467	не	не	PART	_	_	_	_	_	@vsv1938m-words#@vsv1938m#616.548#616.87
468	с	с	ADP	_	_	_	_	_	@vsv1938m-words#@vsv1938m#616.87#617.192
469	вами	вы	PRON	_	Case=Ins|Number=Plur|Person=2	_	_	_	@vsv1938m-words#@vsv1938m#617.192#617.514
470	ли	ли	PART	_	_	_	_	_	@vsv1938m-words#@vsv1938m#617.514#617.836
471	мы	мы	PRON	_	Case=Nom|Number=Plur|Person=1	_	_	_	@vsv1938m-words#@vsv1938m#617.836#618.158
472	выходили	выходить	VERB	_	Aspect=Imp|Mood=Ind|Number=Plur|Tense=Past|VerbForm=Fin|Voice=Act	_	_	_	@vsv1938m-words#@vsv1938m#618.158#618.48
473	под	под	ADP	_	_	_	_	_	@vsv1938m-words#@vsv1938m#618.48#618.802
474	Оршей	Орша	PROPN	_	Animacy=Inan|Case=Ins|Gender=Fem|Number=Sing	_	_	_	@vsv1938m-words#@vsv1938m#618.802#619.124
475	из	из	ADP	_	_	_	_	_	@vsv1938m-words#@vsv1938m#619.124#619.446
476	окружения	окружение	NOUN	_	Animacy=Inan|Case=Gen|Gender=Neut|Number=Sing	_	_	_	@vsv1938m-words#@vsv1938m#619.446#619.768
477	например	например	ADV	_	Degree=Pos	_	_	_	@vsv1938m-words#@vsv1938m#619.768#620.107
478	или	или	CCONJ	_	_	_	_	_	@vsv1938m-words#@vsv1938m#620.61#620.897
479	предположим	предположить	VERB	_	Aspect=Perf|Mood=Ind|Number=Plur|Person=1|Tense=Fut|VerbForm=Fin|Voice=Act	_	_	_	@vsv1938m-words#@vsv1938m#620.897#621.184
480	я	я	PRON	_	Case=Nom|Number=Sing|Person=1	_	_	_	@vsv1938m-words#@vsv1938m#621.184#621.471
481	помню	помнить	VERB	_	Aspect=Imp|Mood=Ind|Number=Sing|Person=1|Tense=Pres|VerbForm=Fin|Voice=Act	_	_	_	@vsv1938m-words#@vsv1938m#621.471#621.758
482	как	как	SCONJ	_	_	_	_	_	@vsv1938m-words#@vsv1938m#621.758#622.045
483	по	по	ADP	_	_	_	_	_	@vsv1938m-words#@vsv1938m#622.045#622.332
484	Чуйскому	Чуйский	ADJ	_	Case=Dat|Degree=Pos|Gender=Masc|Number=Sing	_	_	_	@vsv1938m-words#@vsv1938m#622.332#622.619
485	тракту	тракт	NOUN	_	Animacy=Inan|Case=Dat|Gender=Masc|Number=Sing	_	_	_	@vsv1938m-words#@vsv1938m#622.619#622.906
486	мы	мы	PRON	_	Case=Nom|Number=Plur|Person=1	_	_	_	@vsv1938m-words#@vsv1938m#622.906#623.193
487	с	с	ADP	_	_	_	_	_	@vsv1938m-words#@vsv1938m#623.193#623.48
488	вами	вами	PRON	_	Case=Ins|Number=Plur|Person=2	_	_	_	@vsv1938m-words#@vsv1938m#623.48#623.767
489	с	с	ADP	_	_	_	_	_	@vsv1938m-words#@vsv1938m#623.767#624.054
490	вами	вы	PRON	_	Case=Ins|Number=Plur|Person=2	_	_	_	@vsv1938m-words#@vsv1938m#624.054#624.341
491	гоняли	гоняти	VERB	_	Aspect=Imp|Mood=Ind|Number=Plur|Tense=Past|VerbForm=Fin|Voice=Act	_	_	_	@vsv1938m-words#@vsv1938m#624.341#624.628
492	МАЗы	МАЗ	NOUN	_	Animacy=Inan|Case=Acc|Gender=Masc|Number=Plur	_	_	_	@vsv1938m-words#@vsv1938m#624.628#624.926
493	после	после	ADV	_	Degree=Pos	_	_	_	@vsv1938m-words#@vsv1938m#625.107#625.409
494	машин	машина	NOUN	_	Animacy=Inan|Case=Gen|Gender=Fem|Number=Plur	_	_	_	@vsv1938m-words#@vsv1938m#625.409#625.711
495	хотя	хотя	SCONJ	_	_	_	_	_	@vsv1938m-words#@vsv1938m#625.912#626.189
496	не	не	PART	_	_	_	_	_	@vsv1938m-words#@vsv1938m#626.189#626.466
497	было	быть	VERB	_	Aspect=Imp|Gender=Neut|Mood=Ind|Number=Sing|Tense=Past|VerbForm=Fin|Voice=Act	_	_	_	@vsv1938m-words#@vsv1938m#626.466#626.743
498	ничего	ничто	PRON	_	Case=Gen	_	_	_	@vsv1938m-words#@vsv1938m#626.743#627.02
499	ну	ну	PART	_	_	_	_	_	@vsv1938m-words#@vsv1938m#627.912#628.164
500	вот	вот	PART	_	_	_	_	_	@vsv1938m-words#@vsv1938m#628.164#628.416
501	и	и	PART	_	_	_	_	_	@vsv1938m-words#@vsv1938m#628.51#628.776
502	ведь	ведь	PART	_	_	_	_	_	@vsv1938m-words#@vsv1938m#628.776#629.042
503	не	не	PART	_	_	_	_	_	@vsv1938m-words#@vsv1938m#629.042#629.308
504	то	то	SCONJ	_	_	_	_	_	@vsv1938m-words#@vsv1938m#629.308#629.574
505	что	что	SCONJ	_	_	_	_	_	@vsv1938m-words#@vsv1938m#629.574#629.84
506	хочется	хотеться	VERB	_	Aspect=Imp|Mood=Ind|Number=Sing|Person=3|Tense=Pres|VerbForm=Fin|Voice=Mid	_	_	_	@vsv1938m-words#@vsv1938m#629.84#630.106
507	так	так	ADV	_	Degree=Pos	_	_	_	@vsv1938m-words#@vsv1938m#630.106#630.372
508	думать	думать	VERB	_	Aspect=Imp|VerbForm=Inf|Voice=Act	_	_	_	@vsv1938m-words#@vsv1938m#630.372#630.638
509	а	а	CCONJ	_	_	_	_	_	@vsv1938m-words#@vsv1938m#630.638#630.904
510	возможно	возможно	ADV	_	Degree=Pos	_	_	_	@vsv1938m-words#@vsv1938m#630.904#631.17
511	и	и	PART	_	_	_	_	_	@vsv1938m-words#@vsv1938m#631.17#631.436
512	так	так	ADV	_	Degree=Pos	_	_	_	@vsv1938m-words#@vsv1938m#631.436#631.711
513	но	но	CCONJ	_	_	_	_	_	@vsv1938m-words#@vsv1938m#632.1#632.41
514	они	они	PRON	_	Case=Nom|Number=Plur|Person=3	_	_	_	@vsv1938m-words#@vsv1938m#632.41#632.72
515	верили	верить	VERB	_	Aspect=Imp|Mood=Ind|Number=Plur|Tense=Past|VerbForm=Fin|Voice=Act	_	_	_	@vsv1938m-words#@vsv1938m#632.72#633.03
516	что	что	SCONJ	_	_	_	_	_	@vsv1938m-words#@vsv1938m#633.03#633.34
517	это	это	PRON	_	Animacy=Inan|Case=Nom|Gender=Neut|Number=Sing	_	_	_	@vsv1938m-words#@vsv1938m#633.34#633.65
518	было	быть	AUX	_	Aspect=Imp|Gender=Neut|Mood=Ind|Number=Sing|Tense=Past|VerbForm=Fin|Voice=Act	_	_	_	@vsv1938m-words#@vsv1938m#633.65#633.96
519	что	что	SCONJ	_	_	_	_	_	@vsv1938m-words#@vsv1938m#633.96#634.27
520	это	это	PRON	_	Animacy=Inan|Case=Nom|Gender=Neut|Number=Sing	_	_	_	@vsv1938m-words#@vsv1938m#634.27#634.58
521	действительно	действительно	ADV	_	Degree=Pos	_	_	_	@vsv1938m-words#@vsv1938m#634.58#634.89
522	так	так	ADV	_	Degree=Pos	_	_	_	@vsv1938m-words#@vsv1938m#634.89#635.201
523	и	и	PART	_	_	_	_	_	@vsv1938m-words#@vsv1938m#636.013#636.221
524	это	это	PRON	_	Animacy=Inan|Case=Nom|Gender=Neut|Number=Sing	_	_	_	@vsv1938m-words#@vsv1938m#636.396#636.683
525	не	не	PART	_	_	_	_	_	@vsv1938m-words#@vsv1938m#636.683#636.97
526	оттого	оттого	ADV	_	Degree=Pos	_	_	_	@vsv1938m-words#@vsv1938m#636.97#637.257
527	что	что	SCONJ	_	_	_	_	_	@vsv1938m-words#@vsv1938m#637.257#637.544
528	вот	вот	PART	_	_	_	_	_	@vsv1938m-words#@vsv1938m#637.544#637.831
529	я	я	PRON	_	Case=Nom|Number=Sing|Person=1	_	_	_	@vsv1938m-words#@vsv1938m#637.831#638.118
530	там	там	ADV	_	Degree=Pos	_	_	_	@vsv1938m-words#@vsv1938m#638.118#638.405
531	пишу	писать	VERB	_	Aspect=Imp|Mood=Ind|Number=Sing|Person=1|Tense=Pres|VerbForm=Fin|Voice=Act	_	_	_	@vsv1938m-words#@vsv1938m#638.405#638.692
532	чистую	чистый	ADJ	_	Case=Acc|Degree=Pos|Gender=Fem|Number=Sing	_	_	_	@vsv1938m-words#@vsv1938m#638.692#638.979
533	правду	правда	NOUN	_	Animacy=Inan|Case=Acc|Gender=Fem|Number=Sing	_	_	_	@vsv1938m-words#@vsv1938m#638.979#639.266
534	я	я	PRON	_	Case=Nom|Number=Sing|Person=1	_	_	_	@vsv1938m-words#@vsv1938m#639.266#639.553
535	почти	почти	ADV	_	Degree=Pos	_	_	_	@vsv1938m-words#@vsv1938m#639.553#639.84
536	всё	все	PRON	_	Animacy=Inan|Case=Acc|Gender=Neut|Number=Sing	_	_	_	@vsv1938m-words#@vsv1938m#639.84#640.127
537	придумываю	придумывать	VERB	_	Aspect=Imp|Mood=Ind|Number=Sing|Person=1|Tense=Pres|VerbForm=Fin|Voice=Act	_	_	_	@vsv1938m-words#@vsv1938m#640.127#640.414
538	иначе	иначе	ADV	_	Degree=Pos	_	_	_	@vsv1938m-words#@vsv1938m#640.414#640.701
539	это	это	PRON	_	Animacy=Inan|Case=Nom|Gender=Neut|Number=Sing	_	_	_	@vsv1938m-words#@vsv1938m#640.701#640.988
540	не	не	PART	_	_	_	_	_	@vsv1938m-words#@vsv1938m#640.988#641.275
541	было	быть	VERB	_	Aspect=Imp|Mood=Ind|Number=Sing|Tense=Past|VerbForm=Fin|Voice=Mid	_	_	_	@vsv1938m-words#@vsv1938m#641.275#641.562
542	бы	бы	PART	_	_	_	_	_	@vsv1938m-words#@vsv1938m#641.562#641.849
543	искусством	искусство	NOUN	_	Animacy=Inan|Case=Ins|Gender=Neut|Number=Sing	_	_	_	@vsv1938m-words#@vsv1938m#641.849#642.136
544	понимаете	понимать	VERB	_	Aspect=Imp|Mood=Ind|Number=Plur|Person=2|Tense=Pres|VerbForm=Fin|Voice=Act	_	_	_	@vsv1938m-words#@vsv1938m#642.136#642.423
545	взять	брать	VERB	_	Aspect=Perf|VerbForm=Inf|Voice=Act	_	_	_	@vsv1938m-words#@vsv1938m#642.423#642.71
546	да	да	CCONJ	_	_	_	_	_	@vsv1938m-words#@vsv1938m#642.71#642.997
547	и	и	PART	_	_	_	_	_	@vsv1938m-words#@vsv1938m#642.997#643.284
548	за...	за...	X	_	_	_	_	_	@vsv1938m-words#@vsv1938m#643.284#643.571
549	зарифмовать	зарифмовать	VERB	_	Aspect=Perf|VerbForm=Inf|Voice=Act	_	_	_	@vsv1938m-words#@vsv1938m#643.571#643.858
550	какой-нибудь	какой-нибудь	DET	_	Case=Acc|Gender=Masc|Number=Sing	_	_	_	@vsv1938m-words#@vsv1938m#643.858#644.145
551	эпизод	эпизод	NOUN	_	Animacy=Inan|Case=Acc|Gender=Masc|Number=Sing	_	_	_	@vsv1938m-words#@vsv1938m#644.145#644.432
552	это	это	PRON	_	Animacy=Inan|Case=Nom|Gender=Neut|Number=Sing	_	_	_	@vsv1938m-words#@vsv1938m#644.432#644.719
553	ничего	ничто	PRON	_	Case=Gen	_	_	_	@vsv1938m-words#@vsv1938m#644.719#645.006
554	не	не	PART	_	_	_	_	_	@vsv1938m-words#@vsv1938m#645.006#645.293
555	стоит	стоить	VERB	_	Aspect=Imp|Mood=Ind|Number=Sing|Person=3|Tense=Pres|VerbForm=Fin|Voice=Act	_	_	_	@vsv1938m-words#@vsv1938m#645.293#645.59
556	в	в	ADP	_	_	_	_	_	@vsv1938m-words#@vsv1938m#645.818#646.191
557	общем	общий	ADJ	_	Case=Loc|Degree=Pos|Gender=Masc|Number=Sing	_	_	_	@vsv1938m-words#@vsv1938m#646.191#646.564
558	принципе	принцип	NOUN	_	Animacy=Inan|Case=Loc|Gender=Masc|Number=Sing	_	_	_	@vsv1938m-words#@vsv1938m#646.564#646.939
559	рифмовка	рифмовка	NOUN	_	Animacy=Inan|Case=Nom|Gender=Fem|Number=Sing	_	_	_	@vsv1938m-words#@vsv1938m#647.402#647.758
560	это	это	PRON	_	Animacy=Inan|Case=Nom|Gender=Neut|Number=Sing	_	_	_	@vsv1938m-words#@vsv1938m#647.758#648.114
561	где-то	где-то	ADV	_	Degree=Pos	_	_	_	@vsv1938m-words#@vsv1938m#648.114#648.47
562	на	на	ADP	_	_	_	_	_	@vsv1938m-words#@vsv1938m#648.47#648.826
563	четвертом	четвертый	ADJ	_	Case=Loc|Degree=Pos|Gender=Neut|Number=Sing	_	_	_	@vsv1938m-words#@vsv1938m#648.826#649.182
564	там	там	ADV	_	Degree=Pos	_	_	_	@vsv1938m-words#@vsv1938m#649.182#649.538
565	месте	место	NOUN	_	Animacy=Inan|Case=Loc|Gender=Neut|Number=Sing	_	_	_	@vsv1938m-words#@vsv1938m#649.538#649.899
566	прежде	прежде	ADP	_	_	_	_	_	@vsv1938m-words#@vsv1938m#650.409#650.744
567	всего	все	PRON	_	Animacy=Inan|Case=Gen|Gender=Neut|Number=Sing	_	_	_	@vsv1938m-words#@vsv1938m#650.744#651.079
568	это	это	PRON	_	Animacy=Inan|Case=Nom|Gender=Neut|Number=Sing	_	_	_	@vsv1938m-words#@vsv1938m#651.079#651.416
569	необычайное	необычайный	ADJ	_	Case=Acc|Degree=Pos|Gender=Neut|Number=Sing	_	_	_	@vsv1938m-words#@vsv1938m#651.805#652.254
570	желание	желание	NOUN	_	Animacy=Inan|Case=Acc|Gender=Neut|Number=Sing	_	_	_	@vsv1938m-words#@vsv1938m#652.254#652.703
571	это	это	PRON	_	Animacy=Inan|Case=Acc|Gender=Neut|Number=Sing	_	_	_	@vsv1938m-words#@vsv1938m#652.703#653.152
572	делать	делать	VERB	_	Aspect=Imp|VerbForm=Inf|Voice=Act	_	_	_	@vsv1938m-words#@vsv1938m#653.152#653.604
573	потом	потом	ADV	_	Degree=Pos	_	_	_	@vsv1938m-words#@vsv1938m#653.711#654.12
574	заставить	заставить	VERB	_	Aspect=Perf|VerbForm=Inf|Voice=Act	_	_	_	@vsv1938m-words#@vsv1938m#654.711#655.112
575	себя	себя	PRON	_	Case=Acc	_	_	_	@vsv1938m-words#@vsv1938m#655.112#655.513
576	сесть	сесть	VERB	_	Aspect=Perf|VerbForm=Inf|Voice=Mid	_	_	_	@vsv1938m-words#@vsv1938m#655.513#655.914
577	за	за	ADP	_	_	_	_	_	@vsv1938m-words#@vsv1938m#655.914#656.315
578	стол	стол	NOUN	_	Animacy=Inan|Case=Acc|Gender=Masc|Number=Sing	_	_	_	@vsv1938m-words#@vsv1938m#656.315#656.718
579	потом	потом	ADV	_	Degree=Pos	_	_	_	@vsv1938m-words#@vsv1938m#657.302#657.676
580	подманить	подманить	VERB	_	Aspect=Perf|VerbForm=Inf|Voice=Act	_	_	_	@vsv1938m-words#@vsv1938m#657.676#658.05
581	вдохновение	вдохновение	NOUN	_	Animacy=Inan|Case=Acc|Gender=Neut|Number=Sing	_	_	_	@vsv1938m-words#@vsv1938m#658.05#658.424
582	почуять	чуять	VERB	_	Aspect=Perf|VerbForm=Inf|Voice=Act	_	_	_	@vsv1938m-words#@vsv1938m#658.424#658.798
583	его	он	PRON	_	Case=Acc|Gender=Masc|Number=Sing|Person=3	_	_	_	@vsv1938m-words#@vsv1938m#658.798#659.172
584	а	а	CCONJ	_	_	_	_	_	@vsv1938m-words#@vsv1938m#659.172#659.546
585	потом	потом	ADV	_	Degree=Pos	_	_	_	@vsv1938m-words#@vsv1938m#659.546#659.92
586	уже	уже	ADV	_	Degree=Pos	_	_	_	@vsv1938m-words#@vsv1938m#659.92#660.294
587	рифмовать	рифмовать	VERB	_	Aspect=Imp|VerbForm=Inf|Voice=Act	_	_	_	@vsv1938m-words#@vsv1938m#660.294#660.668
588	это	это	PRON	_	Animacy=Inan|Case=Nom|Gender=Neut|Number=Sing	_	_	_	@vsv1938m-words#@vsv1938m#660.668#661.042
589	так	так	ADV	_	Degree=Pos	_	_	_	@vsv1938m-words#@vsv1938m#661.042#661.416
590	сказать	сказать	VERB	_	Aspect=Perf|VerbForm=Inf|Voice=Act	_	_	_	@vsv1938m-words#@vsv1938m#661.416#661.798
591	и	и	PART	_	_	_	_	_	@vsv1938m-words#@vsv1938m#662.396#662.765
592	самое	самый	ADJ	_	Case=Nom|Degree=Pos|Gender=Neut|Number=Sing	_	_	_	@vsv1938m-words#@vsv1938m#662.765#663.134
593	главное	главный	NOUN	_	Animacy=Inan|Case=Nom|Gender=Neut|Number=Sing	_	_	_	@vsv1938m-words#@vsv1938m#663.134#663.503
594	ну	ну	PART	_	_	_	_	_	@vsv1938m-words#@vsv1938m#663.906#664.212
595	это	это	PRON	_	Animacy=Inan|Case=Nom|Gender=Neut|Number=Sing	_	_	_	@vsv1938m-words#@vsv1938m#664.212#664.518
596	просто	просто	ADV	_	Degree_Pos	_	_	_	@vsv1938m-words#@vsv1938m#664.518#664.825
597	#цокает#	#цокает#	X	_	_	_	_	_	@vsv1938m-words#@vsv1938m#667.51#667.765
598	просто	просто	ADV	_	Degree=Pos	_	_	_	@vsv1938m-words#@vsv1938m#668.805#669.597
599	это	это	PRON	_	Animacy=Inan|Case=Nom|Gender=Neut|Number=Sing	_	_	_	@vsv1938m-words#@vsv1938m#669.711#670.228
600	это	это	PRON	_	Animacy=Inan|Case=Nom|Gender=Neut|Number=Sing	_	_	_	@vsv1938m-words#@vsv1938m#672.396#672.791
601	я	я	PRON	_	Case=Nom|Number=Sing|Person=1	_	_	_	@vsv1938m-words#@vsv1938m#672.906#673.211
602	думаю	думать	VERB	_	Aspect=Imp|Mood=Ind|Number=Sing|Person=1|Tense=Pres|VerbForm=Fin|Voice=Act	_	_	_	@vsv1938m-words#@vsv1938m#673.211#673.516
603	настолко	настолко	ADV	_	Degree=Pos	_	_	_	@vsv1938m-words#@vsv1938m#675.899#676.374
604	придумано	придумать	VERB	_	Aspect=Perf|Gender=Neut|Number=Sing|Tense=Past|Variant=Short|VerbForm=Part|Voice=Pass	_	_	_	@vsv1938m-words#@vsv1938m#676.374#676.849
605	что	что	SCONJ	_	_	_	_	_	@vsv1938m-words#@vsv1938m#676.849#677.324
606	становится	становиться	VERB	_	Aspect=Imp|Mood=Ind|Number=Sing|Person=3|Tense=Pres|VerbForm=Fin|Voice=Mid	_	_	_	@vsv1938m-words#@vsv1938m#677.324#677.799
607	правдой	правда	NOUN	_	Animacy=Inan|Case=Ins|Gender=Fem|Number=Sing	_	_	_	@vsv1938m-words#@vsv1938m#677.799#678.274
608	для	для	ADP	_	_	_	_	_	@vsv1938m-words#@vsv1938m#678.274#678.749
609	этих	этот	DET	_	Case=Gen|Number=Plur	_	_	_	@vsv1938m-words#@vsv1938m#678.749#679.224
610	людей	человек	NOUN	_	Animacy=Anim|Case=Gen|Gender=Masc|Number=Plur	_	_	_	@vsv1938m-words#@vsv1938m#679.224#679.704
611	вы	вы	PRON	_	Case=Nom|Number=Plur|Person=2	_	_	_	@vsv1938m-words#@vsv1938m#682.295#682.695
612	знаете	знать	VERB	_	Aspect=Imp|Mood=Ind|Number=Plur|Person=2|Tense=Pres|VerbForm=Fin|Voice=Act	_	_	_	@vsv1938m-words#@vsv1938m#682.695#683.095
613	только	только	ADV	_	Degree=Pos	_	_	_	@vsv1938m-words#@vsv1938m#683.095#683.495
614	под	под	ADP	_	_	_	_	_	@vsv1938m-words#@vsv1938m#683.495#683.895
615	впечатлением	впечатление	NOUN	_	Animacy=Inan|Case=Ins|Gender=Neut|Number=Sing	_	_	_	@vsv1938m-words#@vsv1938m#683.895#684.295
616	под	под	ADP	_	_	_	_	_	@vsv1938m-words#@vsv1938m#685.094#685.637
617	впечатлением	впечатление	NOUN	_	Animacy=Inan|Case=Ins|Gender=Neut|Number=Sing	_	_	_	@vsv1938m-words#@vsv1938m#685.637#686.181
618	и	и	CCONJ	_	_	_	_	_	@vsv1938m-words#@vsv1938m#687.201#687.601
619	единственные	единственный	ADJ	_	Animacy=Inan|Case=Acc|Degree=Pos|Number=Plur	_	_	_	@vsv1938m-words#@vsv1938m#687.601#688.001
620	песни	песня	NOUN	_	Animacy=Inan|Case=Acc|Gender=Fem|Number=Plur	_	_	_	@vsv1938m-words#@vsv1938m#688.001#688.401
621	о	о	ADP	_	_	_	_	_	@vsv1938m-words#@vsv1938m#688.401#688.801
622	конкретном	конкретный	ADJ	_	Case=Loc|Degree=Pos|Gender=Masc|Number=Sing	_	_	_	@vsv1938m-words#@vsv1938m#688.801#689.201
623	случае	случай	NOUN	_	Animacy=Inan|Case=Loc|Gender=Masc|Number=Sing	_	_	_	@vsv1938m-words#@vsv1938m#689.201#689.601
624	который	который	DET	_	Case=Nom|Gender=Masc|Number=Sing	_	_	_	@vsv1938m-words#@vsv1938m#689.601#690.001
625	меня	я	PRON	_	Case=Acc|Number=Sing|Person=1	_	_	_	@vsv1938m-words#@vsv1938m#690.001#690.401
626	поразил	поразить	VERB	_	Aspect=Perf|Gender=Masc|Mood=Ind|Number=Sing|Tense=Past|VerbForm=Fin|Voice=Act	_	_	_	@vsv1938m-words#@vsv1938m#690.401#690.805
627	и	и	CCONJ	_	_	_	_	_	@vsv1938m-words#@vsv1938m#690.906#691.156
628	то	то	SCONJ	_	_	_	_	_	@vsv1938m-words#@vsv1938m#691.156#691.406
629	он	он	PRON	_	Case=Nom|Gender=Masc|Number=Sing|Person=3	_	_	_	@vsv1938m-words#@vsv1938m#691.406#691.656
630	придуман	придумывать	VERB	_	Aspect=Perf|Gender=Masc|Number=Sing|Tense=Past|Variant=Short|VerbForm=Part|Voice=Pass	_	_	_	@vsv1938m-words#@vsv1938m#691.656#691.906
631	вот	вот	PART	_	_	_	_	_	@vsv1938m-words#@vsv1938m#693.503#693.805
632	ну	ну	PART	_	_	_	_	_	@vsv1938m-words#@vsv1938m#693.906#694.107
633	альпинистская	альпинистский	ADJ	_	Case=Nom|Degree=Pos|Gender=Fem|Number=Sing	_	_	_	@vsv1938m-words#@vsv1938m#694.805#695.229
634	серия	серия	NOUN	_	Animacy=Inan|Case=Nom|Gender=Fem|Number=Sing	_	_	_	@vsv1938m-words#@vsv1938m#695.229#695.653
635	это	это	PRON	_	Animacy=Inan|Case=Nom|Gender=Neut|Number=Sing	_	_	_	@vsv1938m-words#@vsv1938m#695.653#696.077
636	правда	правда	NOUN	_	Animacy=Inan|Case=Nom|Gender=Fem|Number=Sing	_	_	_	@vsv1938m-words#@vsv1938m#696.077#696.503
637	но	но	SCONJ	_	_	_	_	_	@vsv1938m-words#@vsv1938m#696.61#696.812
638	#хмыкает#	#хмыкает#	X	_	_	_	_	_	@vsv1938m-words#@vsv1938m#697.02#697.328
639	и	и	CCONJ	_	_	_	_	_	@vsv1938m-words#@vsv1938m#697.912#698.241
640	и	и	CCONJ	_	_	_	_	_	@vsv1938m-words#@vsv1938m#698.241#698.57
641	их	они	PRON	_	Case=Gen|Number=Plur|Person=3	_	_	_	@vsv1938m-words#@vsv1938m#698.57#698.899
642	нельзя	нельзя	ADV	_	Degree=Pos	_	_	_	@vsv1938m-words#@vsv1938m#698.899#699.228
643	назвать	назвать	VERB	_	Aspect=Perf|VerbForm=Inf|Voice=Act	_	_	_	@vsv1938m-words#@vsv1938m#699.228#699.557
644	эти	этот	DET	_	Case=Acc|Number=Plur	_	_	_	@vsv1938m-words#@vsv1938m#699.557#699.886
645	песни	песни	NOUN	_	Animacy=Inan|Case=Nom|Gender=Fem|Number=Plur	_	_	_	@vsv1938m-words#@vsv1938m#699.886#700.221
646	я	я	PRON	_	Case=Nom|Number=Sing|Person=1	_	_	_	@vsv1938m-words#@vsv1938m#702.396#702.647
647	их	они	PRON	_	Case=Acc|Number=Plur|Person=3	_	_	_	@vsv1938m-words#@vsv1938m#702.647#702.898
648	очень	очень	ADV	_	Degree=Pos	_	_	_	@vsv1938m-words#@vsv1938m#702.898#703.149
649	ценю	ценить	NOUN	_	Animacy=Anim|Case=Dat|Gender=Masc|Number=Sing	_	_	_	@vsv1938m-words#@vsv1938m#703.149#703.402
650	вы	вы	PRON	_	Case=Nom|Number=Plur|Person=2	_	_	_	@vsv1938m-words#@vsv1938m#703.704#704.001
651	знаете	знать	VERB	_	Aspect=Imp|Mood=Ind|Number=Plur|Person=2|Tense=Pres|VerbForm=Fin|Voice=Act	_	_	_	@vsv1938m-words#@vsv1938m#704.001#704.298
652	вообще	вообще	ADV	_	Degree=Pos	_	_	_	@vsv1938m-words#@vsv1938m#704.298#704.597
653	я	я	PRON	_	Case=Nom|Number=Sing|Person=1	_	_	_	@vsv1938m-words#@vsv1938m#704.805#705.104
654	к	к	ADP	_	_	_	_	_	@vsv1938m-words#@vsv1938m#705.104#705.403
655	своим	свой	DET	_	Case=Dat|Number=Plur	_	_	_	@vsv1938m-words#@vsv1938m#705.403#705.702
656	песням	песня	NOUN	_	Animacy=Inan|Case=Dat|Gender=Fem|Number=Plur	_	_	_	@vsv1938m-words#@vsv1938m#705.702#706.001
657	первым	первый	ADJ	_	Case=Dat|Degree=Pos|Number=Plur	_	_	_	@vsv1938m-words#@vsv1938m#706.001#706.302
658	дворовым	дворовый	ADJ	_	Case=Dat|Degree=Pos|Number=Plur	_	_	_	@vsv1938m-words#@vsv1938m#706.402#706.905
659	песням	песня	NOUN	_	Animacy=Inan|Case=Dat|Gender=Fem|Number=Plur	_	_	_	@vsv1938m-words#@vsv1938m#706.905#707.409
660	или	или	CCONJ	_	_	_	_	_	@vsv1938m-words#@vsv1938m#707.496#707.894
661	их	они	PRON	_	Case=Acc|Number=Plur|Person=3	_	_	_	@vsv1938m-words#@vsv1938m#707.894#708.292
662	еще	еще	ADV	_	Degree=Pos	_	_	_	@vsv1938m-words#@vsv1938m#708.292#708.69
663	называют	называть	VERB	_	Aspect=Imp|Mood=Ind|Number=Plur|Person=3|Tense=Pres|VerbForm=Fin|Voice=Act	_	_	_	@vsv1938m-words#@vsv1938m#708.69#709.088
664	блатными	блатный	ADJ	_	Case=Ins|Degree=Pos|Number=Plur	_	_	_	@vsv1938m-words#@vsv1938m#709.088#709.489
665	городскими	городской	ADJ	_	Case=Ins|Degree=Pos|Number=Plur	_	_	_	@vsv1938m-words#@vsv1938m#709.698#710.503
666	как	как	ADV	_	Degree=Pos	_	_	_	@vsv1938m-words#@vsv1938m#710.704#711.056
667	угодно	угодно	ADV	_	Degree=Pos	_	_	_	@vsv1938m-words#@vsv1938m#711.056#711.409
668	я	я	PRON	_	Case=Nom|Number=Sing|Person=1	_	_	_	@vsv1938m-words#@vsv1938m#711.912#712.268
669	отношусь	относиться	VERB	_	Aspect=Imp|Mood=Ind|Number=Sing|Person=1|Tense=Pres|VerbForm=Fin|Voice=Mid	_	_	_	@vsv1938m-words#@vsv1938m#712.268#712.624
670	с	с	ADP	_	_	_	_	_	@vsv1938m-words#@vsv1938m#712.624#712.98
671	с	с	ADP	_	_	_	_	_	@vsv1938m-words#@vsv1938m#712.98#713.336
672	симпатией	симпатия	NOUN	_	Animacy=Inan|Case=Ins|Gender=Fem|Number=Sing	_	_	_	@vsv1938m-words#@vsv1938m#713.336#713.692
673	с	с	ADP	_	_	_	_	_	@vsv1938m-words#@vsv1938m#713.692#714.048
674	любовью	любовь	NOUN	_	Animacy=Inan|Case=Ins|Gender=Fem|Number=Sing	_	_	_	@vsv1938m-words#@vsv1938m#714.048#714.404
675	помню	помнить	VERB	_	Aspect=Imp|Mood=Ind|Number=Sing|Person=1|Tense=Pres|VerbForm=Fin|Voice=Act	_	_	_	@vsv1938m-words#@vsv1938m#714.404#714.76
676	их	они	PRON	_	Case=Acc|Number=Plur|Person=3	_	_	_	@vsv1938m-words#@vsv1938m#714.76#715.12
677	они	они	PRON	_	Case=Nom|Number=Plur|Person=3	_	_	_	@vsv1938m-words#@vsv1938m#715.61#715.972
678	мне	я	PRON	_	Case=Dat|Number=Sing|Person=1	_	_	_	@vsv1938m-words#@vsv1938m#715.972#716.334
679	помогли	помочь	VERB	_	Aspect=Perf|Mood=Ind|Number=Plur|Tense=Past|VerbForm=Fin|Voice=Act	_	_	_	@vsv1938m-words#@vsv1938m#716.334#716.696
680	искать	искать	VERB	_	Aspect=Imp|VerbForm=Inf|Voice=Act	_	_	_	@vsv1938m-words#@vsv1938m#716.696#717.058
681	форму	форма	NOUN	_	Animacy=Inan|Case=Acc|Gender=Fem|Number=Sing	_	_	_	@vsv1938m-words#@vsv1938m#717.058#717.422
682	простую	простой	ADJ	_	Case=Acc|Degree=Pos|Gender=Fem|Number=Sing	_	_	_	@vsv1938m-words#@vsv1938m#717.698#718.402
683	потому	потому	ADV	_	Degree=Pos	_	_	_	@vsv1938m-words#@vsv1938m#718.899#719.201
684	что	что	SCONJ	_	_	_	_	_	@vsv1938m-words#@vsv1938m#719.201#719.503
685	в	в	ADP	_	_	_	_	_	@vsv1938m-words#@vsv1938m#719.597#719.914
686	общем	общий	ADJ	_	Case=Loc|Degree=Pos|Gender=Neut|Number=Sing	_	_	_	@vsv1938m-words#@vsv1938m#719.914#720.231
687	эти	этот	DET	_	Case=Acc|Number=Plur	_	_	_	@vsv1938m-words#@vsv1938m#720.231#720.548
688	песни	песня	NOUN	_	Animacy=Inan|Case=Acc|Gender=Fem|Number=Plur	_	_	_	@vsv1938m-words#@vsv1938m#720.548#720.865
689	вот	вот	PART	_	_	_	_	_	@vsv1938m-words#@vsv1938m#720.865#721.182
690	авторские	авторский	ADJ	_	Animacy=Inan|Case=Acc|Degree=Pos|Number=Plur	_	_	_	@vsv1938m-words#@vsv1938m#721.182#721.503
691	мои	мой	DET	_	Case=Acc|Number=Plur	_	_	_	@vsv1938m-words#@vsv1938m#721.805#722.08
692	песни	песня	NOUN	_	Animacy=Inan|Case=Acc|Gender=Fem|Number=Plur	_	_	_	@vsv1938m-words#@vsv1938m#722.08#722.355
693	во	в	ADP	_	_	_	_	_	@vsv1938m-words#@vsv1938m#722.355#722.63
694	всяком	всякий	DET	_	Case=Loc|Gender=Masc|Number=Sing	_	_	_	@vsv1938m-words#@vsv1938m#722.63#722.905
695	случае	случай	NOUN	_	Animacy=Inan|Case=Loc|Gender=Masc|Number=Sing	_	_	_	@vsv1938m-words#@vsv1938m#722.905#723.18
696	я	я	PRON	_	Case=Nom|Number=Sing|Person=1	_	_	_	@vsv1938m-words#@vsv1938m#723.18#723.455
697	хочу	хотеть	VERB	_	Aspect=Imp|Mood=Ind|Number=Sing|Person=1|Tense=Pres|VerbForm=Fin|Voice=Act	_	_	_	@vsv1938m-words#@vsv1938m#723.455#723.73
698	чтобы	чтобы	SCONJ	_	Mood=Cnd	_	_	_	@vsv1938m-words#@vsv1938m#723.73#724.005
699	они	они	PRON	_	Case=Nom|Number=Plur|Person=3	_	_	_	@vsv1938m-words#@vsv1938m#724.005#724.28
700	входили	входить	VERB	_	Aspect=Imp|Mood=Ind|Number=Plur|Tense=Past|VerbForm=Fin|Voice=Act	_	_	_	@vsv1938m-words#@vsv1938m#724.28#724.555
701	не	не	PART	_	_	_	_	_	@vsv1938m-words#@vsv1938m#724.555#724.83
702	только	только	ADV	_	Degree=Pos	_	_	_	@vsv1938m-words#@vsv1938m#724.83#725.107
703	в	в	ADP	_	_	_	_	_	@vsv1938m-words#@vsv1938m#725.604#725.953
704	уши	ухо	NOUN	_	Animacy=Inan|Case=Acc|Gender=Neut|Number=Plur	_	_	_	@vsv1938m-words#@vsv1938m#725.953#726.302
705	но	но	CCONJ	_	_	_	_	_	@vsv1938m-words#@vsv1938m#726.503#726.74
706	и	и	PART	_	_	_	_	_	@vsv1938m-words#@vsv1938m#726.74#726.977
707	сразу	сразу	ADV	_	Degree=Pos	_	_	_	@vsv1938m-words#@vsv1938m#726.977#727.214
708	в	в	ADP	_	_	_	_	_	@vsv1938m-words#@vsv1938m#727.214#727.451
709	душу	душа	NOUN	_	Animacy=Inan|Case=Acc|Gender=Fem|Number=Sing	_	_	_	@vsv1938m-words#@vsv1938m#727.451#727.691
710	и	и	CCONJ	_	_	_	_	_	@vsv1938m-words#@vsv1938m#728.409#728.711
711	е...	e...	X	_	_	_	_	_	@vsv1938m-words#@vsv1938m#728.812#729.114
712	из-за	из-за	ADP	_	_	_	_	_	@vsv1938m-words#@vsv1938m#729.704#730.154
713	этого	это	PRON	_	Animacy=Inan|Case=Gen|Gender=Neut|Number=Sing	_	_	_	@vsv1938m-words#@vsv1938m#730.154#730.604
714	настолько	настолько	ADV	_	Degree=Pos	_	_	_	@vsv1938m-words#@vsv1938m#730.818#731.399
715	очищаешь	очищать	VERB	_	Aspect=Imp|Mood=Ind|Number=Sing|Person=2|Tense=Pres|VerbForm=Fin|Voice=Act	_	_	_	@vsv1938m-words#@vsv1938m#731.399#731.98
716	и	и	CCONJ	_	_	_	_	_	@vsv1938m-words#@vsv1938m#731.98#732.561
717	отбираешь	отбирать	VERB	_	Aspect=Imp|Mood=Ind|Number=Sing|Person=2|Tense=Pres|VerbForm=Fin|Voice=Act	_	_	_	@vsv1938m-words#@vsv1938m#732.561#733.142
718	слова	слово	NOUN	_	Animacy=Inan|Case=Acc|Gender=Neut|Number=Plur	_	_	_	@vsv1938m-words#@vsv1938m#733.142#733.724
719	текст	текст	NOUN	_	Animacy=Inan|Case=Acc|Gender=Masc|Number=Sing	_	_	_	@vsv1938m-words#@vsv1938m#734.503#735.013
720	и	и	CCONJ	_	_	_	_	_	@vsv1938m-words#@vsv1938m#735.597#736.1
721	вместе	вместе	ADV	_	Degree=Pos	_	_	_	@vsv1938m-words#@vsv1938m#736.402#736.777
722	это	это	PRON	_	Animacy=Inan|Case=Acc|Gender=Neut|Number=Sing	_	_	_	@vsv1938m-words#@vsv1938m#736.777#737.152
723	делаешь	делать	VERB	_	Aspect=Imp|Mood=Ind|Number=Sing|Person=2|Tense=Pres|VerbForm=Fin|Voice=Act	_	_	_	@vsv1938m-words#@vsv1938m#737.152#737.527
724	я	я	PRON	_	Case=Nom|Number=Sing|Person=1	_	_	_	@vsv1938m-words#@vsv1938m#737.527#737.902
725	работаю	работать	VERB	_	Aspect=Imp|Mood=Ind|Number=Sing|Person=1|Tense=Pres|VerbForm=Fin|Voice=Act	_	_	_	@vsv1938m-words#@vsv1938m#737.902#738.277
726	с	с	ADP	_	_	_	_	_	@vsv1938m-words#@vsv1938m#738.277#738.652
727	магнитофончиком	магнитофончик	NOUN	_	Animacy=Inan|Case=Ins|Gender=Masc|Number=Sing	_	_	_	@vsv1938m-words#@vsv1938m#738.652#739.027
728	маленький	маленький	ADJ	_	Animacy=Inan|Case=Acc|Degree=Pos|Gender=Masc|Number=Sing	_	_	_	@vsv1938m-words#@vsv1938m#739.027#739.402
729	магнитофончик	магнитофончик	NOUN	_	Animacy=Inan|Case=Acc|Gender=Masc|Number=Sing	_	_	_	@vsv1938m-words#@vsv1938m#739.402#739.777
730	ставлю	ставить	VERB	_	Aspect=Imp|Mood=Ind|Number=Sing|Person=1|Tense=Pres|VerbForm=Fin|Voice=Act	_	_	_	@vsv1938m-words#@vsv1938m#739.777#740.152
731	с	с	ADP	_	_	_	_	_	@vsv1938m-words#@vsv1938m#740.152#740.527
732	собой	себя	PRON	_	Case=Ins	_	_	_	@vsv1938m-words#@vsv1938m#740.527#740.906
733	там	там	ADV	_	Degree=Pos	_	_	_	@vsv1938m-words#@vsv1938m#741.51#741.828
734	приходит	приходить	VERB	_	Aspect=Imp|Mood=Ind|Number=Sing|Person=3|Tense=Pres|VerbForm=Fin|Voice=Act	_	_	_	@vsv1938m-words#@vsv1938m#741.828#742.146
735	какая-то	какой-то	DET	_	Case=Nom|Gender=Fem|Number=Sing	_	_	_	@vsv1938m-words#@vsv1938m#742.146#742.464
736	строка	строка	NOUN	_	Animacy=Inan|Case=Nom|Gender=Fem|Number=Sing	_	_	_	@vsv1938m-words#@vsv1938m#742.464#742.782
737	если	если	SCONJ	_	_	_	_	_	@vsv1938m-words#@vsv1938m#742.782#743.1
738	она	она	PRON	_	Case=Nom|Gender=Fem|Number=Sing|Person=3	_	_	_	@vsv1938m-words#@vsv1938m#743.1#743.418
739	не	не	PART	_	_	_	_	_	@vsv1938m-words#@vsv1938m#743.418#743.736
740	лезет	лезть	VERB	_	Aspect=Imp|Mood=Ind|Number=Sing|Person=3|Tense=Pres|VerbForm=Fin|Voice=Act	_	_	_	@vsv1938m-words#@vsv1938m#743.736#744.054
741	я	я	PRON	_	Case=Nom|Number=Sing|Person=1	_	_	_	@vsv1938m-words#@vsv1938m#744.054#744.372
742	пытаюсь	пытаться	VERB	_	Aspect=Imp|Mood=Ind|Number=Sing|Person=1|Tense=Pres|VerbForm=Fin|Voice=Mid	_	_	_	@vsv1938m-words#@vsv1938m#744.372#744.69
743	ритм	ритм	NOUN	_	Animacy=Inan|Case=Acc|Gender=Masc|Number=Sing	_	_	_	@vsv1938m-words#@vsv1938m#744.69#745.013
744	это	это	PRON	_	Animacy=Inan|Case=Acc|Gender=Neut|Number=Sing	_	_	_	@vsv1938m-words#@vsv1938m#745.396#745.687
745	всё	весь	DET	_	Case=Acc|Gender=Neut|Number=Sing	_	_	_	@vsv1938m-words#@vsv1938m#745.687#745.978
746	вместе	вместе	ADV	_	Degree=Pos	_	_	_	@vsv1938m-words#@vsv1938m#745.978#746.269
747	я	я	PRON	_	Case=Nom|Number=Sing|Person=1	_	_	_	@vsv1938m-words#@vsv1938m#746.269#746.56
748	даже	даже	PART	_	_	_	_	_	@vsv1938m-words#@vsv1938m#746.56#746.851
749	не	не	PART	_	_	_	_	_	@vsv1938m-words#@vsv1938m#746.851#747.142
750	знаю	знать	VERB	_	Aspect=Imp|Mood=Ind|Number=Sing|Person=1|Tense=Pres|VerbForm=Fin|Voice=Act	_	_	_	@vsv1938m-words#@vsv1938m#747.142#747.433
751	ино...	ино...	X	_	_	_	_	_	@vsv1938m-words#@vsv1938m#747.433#747.724
752	иногда	иногда	ADV	_	Degree=Pos	_	_	_	@vsv1938m-words#@vsv1938m#747.724#748.015
753	что	что	SCONJ	_	_	_	_	_	@vsv1938m-words#@vsv1938m#748.015#748.306
754	раньше	рано	ADV	_	Degree=Cmp	_	_	_	@vsv1938m-words#@vsv1938m#748.306#748.597
755	что	что	SCONJ	_	_	_	_	_	@vsv1938m-words#@vsv1938m#748.597#748.888
756	позже	поздно	ADV	_	Degree=Cmp	_	_	_	@vsv1938m-words#@vsv1938m#748.888#749.181
757	иногда	иногда	ADV	_	Degree=Pos	_	_	_	@vsv1938m-words#@vsv1938m#749.604#749.958
758	просто	просто	ADV	_	Degree=Pos	_	_	_	@vsv1938m-words#@vsv1938m#749.958#750.312
759	напишу	писать	VERB	_	Aspect=Perf|Mood=Ind|Number=Sing|Person=1|Tense=Fut|VerbForm=Fin|Voice=Act	_	_	_	@vsv1938m-words#@vsv1938m#750.312#750.666
760	стихотворение	стихотворение	NOUN	_	Animacy=Inan|Case=Acc|Gender=Neut|Number=Sing	_	_	_	@vsv1938m-words#@vsv1938m#750.666#751.02
761	и	и	CCONJ	_	_	_	_	_	@vsv1938m-words#@vsv1938m#751.02#751.374
762	начинаю	начинать	VERB	_	Aspect=Imp|Mood=Ind|Number=Sing|Person=1|Tense=Pres|VerbForm=Fin|Voice=Act	_	_	_	@vsv1938m-words#@vsv1938m#751.374#751.728
763	мучиться	мучиться	VERB	_	Aspect=Imp|VerbForm=Inf|Voice=Mid	_	_	_	@vsv1938m-words#@vsv1938m#751.728#752.082
764	с	с	ADP	_	_	_	_	_	@vsv1938m-words#@vsv1938m#752.082#752.436
765	мелодией	мелодия	NOUN	_	Animacy=Inan|Case=Ins|Gender=Fem|Number=Sing	_	_	_	@vsv1938m-words#@vsv1938m#752.436#752.798
766	никогда	никогда	ADV	_	Degree=Pos	_	_	_	@vsv1938m-words#@vsv1938m#753.302#753.635
767	ничего	ничто	PRON	_	Case=Gen	_	_	_	@vsv1938m-words#@vsv1938m#753.635#753.968
768	не	не	PART	_	_	_	_	_	@vsv1938m-words#@vsv1938m#753.968#754.301
769	выходит	выходить	VERB	_	Aspect=Imp|Mood=Ind|Number=Sing|Person=3|Tense=Pres|VerbForm=Fin|Voice=Act	_	_	_	@vsv1938m-words#@vsv1938m#754.301#754.634
770	я	я	PRON	_	Case=Nom|Number=Sing|Person=1	_	_	_	@vsv1938m-words#@vsv1938m#754.634#754.967
771	бросаю	бросать	VERB	_	Aspect=Imp|Mood=Ind|Number=Sing|Person=1|Tense=Pres|VerbForm=Fin|Voice=Act	_	_	_	@vsv1938m-words#@vsv1938m#754.967#755.302
772	и	и	PART	_	_	_	_	_	@vsv1938m-words#@vsv1938m#755.711#756.179
773	на	на	ADP	_	_	_	_	_	@vsv1938m-words#@vsv1938m#756.179#756.647
774	пятнадцатый	пятнадцатый	ADJ	_	Animacy=Inan|Case=Acc|Degree=Pos|Gender=Masc|Number=Sing	_	_	_	@vsv1938m-words#@vsv1938m#756.647#757.115
775	двадцатый	двадцатый	ADJ	_	Animacy=Inan|Case=Acc|Degree=Pos|Gender=Masc|Number=Sing	_	_	_	@vsv1938m-words#@vsv1938m#757.115#757.583
776	раз	раз	NOUN	_	Animacy=Inan|Case=Acc|Gender=Masc|Number=Sing	_	_	_	@vsv1938m-words#@vsv1938m#757.583#758.051
777	исполнения	исполнение	NOUN	_	Animacy=Inan|Case=Gen|Gender=Neut|Number=Sing	_	_	_	@vsv1938m-words#@vsv1938m#758.051#758.523
778	моего	мой	DET	_	Case=Gen|Gender=Masc|Number=Sing	_	_	_	@vsv1938m-words#@vsv1938m#758.906#759.295
779	на	на	ADP	_	_	_	_	_	@vsv1938m-words#@vsv1938m#759.396#759.651
780	людях	человек	NOUN	_	Animacy=Anim|Case=Loc|Gender=Masc|Number=Plur	_	_	_	@vsv1938m-words#@vsv1938m#759.651#759.906
781	на	на	ADP	_	_	_	_	_	@vsv1938m-words#@vsv1938m#760.114#760.459
782	зрителях	зритель	NOUN	_	Animacy=Inan|Case=Loc|Gender=Fem|Number=Plur	_	_	_	@vsv1938m-words#@vsv1938m#760.459#760.805
783	выкристаллизовывается	выкристаллизовываться	VERB	_	Aspect=Imp|Mood=Ind|Number=Sing|Person=3|Tense=Pres|VerbForm=Fin|Voice=Mid	_	_	_	@vsv1938m-words#@vsv1938m#761.013#761.758
784	мелодия	мелодия	NOUN	_	Animacy=Inan|Case=Nom|Gender=Fem|Number=Sing	_	_	_	@vsv1938m-words#@vsv1938m#761.758#762.503
785	ну	ну	PART	_	_	_	_	_	@is1950f-words#@is1950f#465.807#466.042
786	вот	вот	PART	_	_	_	_	_	@is1950f-words#@is1950f#466.042#466.277
787	видите	видеть	VERB	_	Aspect=Imp|Mood=Ind|Number=Plur|Person=2|Tense=Pres|VerbForm=Fin|Voice=Act	_	_	_	@is1950f-words#@is1950f#466.277#466.513
788	назовите	назвать	VERB	_	Aspect=Perf|Mood=Imp|Number=Plur|Person=2|VerbForm=Fin|Voice=Act	_	_	_	@is1950f-words#@is1950f#466.563#467.043
789	всё-таки	все-таки	PART	_	_	_	_	_	@is1950f-words#@is1950f#467.043#467.523
790	конкретный	конкретный	ADJ	_	Animacy=Inan|Case=Acc|Degree=Pos|Gender=Masc|Number=Sing	_	_	_	@is1950f-words#@is1950f#467.698#468.171
791	жанр	жанр	NOUN	_	Animacy=Inan|Case=Acc|Gender=Masc|Number=Sing	_	_	_	@is1950f-words#@is1950f#468.171#468.644
792	вот	вот	PART	_	_	_	_	_	@is1950f-words#@is1950f#468.805#469.006
793	вы	вы	PRON	_	Case=Nom|Number=Plur|Person=2	_	_	_	@is1950f-words#@is1950f#469.006#469.207
794	говорите	говорите	VERB	_	Aspect=Imp|Mood=Ind|Number=Plur|Person=2|Tense=Pres|VerbForm=Fin|Voice=Act	_	_	_	@is1950f-words#@is1950f#469.207#469.409
795	[нрзб]	[нрзб]	X	_	_	_	_	_	@is1950f-words#@is1950f#470.302#470.583
796	романс	романс	NOUN	_	Animacy=Inan|Case=Nom|Gender=Masc|Number=Sing	_	_	_	@is1950f-words#@is1950f#470.583#470.865
797	ну	ну	PART	_	_	_	_	_	@is1950f-words#@is1950f#471.604#472.053
798	у	у	ADP	_	_	_	_	_	@is1950f-words#@is1950f#472.053#472.502
799	вас	вы	PRON	_	Case=Gen|Number=Plur|Person=2	_	_	_	@is1950f-words#@is1950f#472.502#472.951
800	же	же	PART	_	_	_	_	_	@is1950f-words#@is1950f#472.951#473.4
801	[нрзб]	[нрзб]	X	_	_	_	_	_	@is1950f-words#@is1950f#473.4#473.852
802	ну	ну	PART	_	_	_	_	_	@aaa1940m-words#@aaa1940m#679.201#679.551
803	альпинистскую-то	альпинистскую-то	ADJ	_	Case=Acc|Degree=Pos|Gender=Fem|Number=Sing	_	_	_	@aaa1940m-words#@aaa1940m#679.551#679.901
804	серию	серия	NOUN	_	Animacy=Inan|Case=Acc|Gender=Fem|Number=Sing	_	_	_	@aaa1940m-words#@aaa1940m#679.901#680.251
805	вы	вы	PRON	_	Case=Nom|Number=Plur|Person=2	_	_	_	@aaa1940m-words#@aaa1940m#680.251#680.601
806	писали	писать	VERB	_	Aspect=Imp|Mood=Ind|Number=Plur|Tense=Past|VerbForm=Fin|Voice=Act	_	_	_	@aaa1940m-words#@aaa1940m#680.601#680.951
807	всё-таки	всё-таки	PART	_	_	_	_	_	@aaa1940m-words#@aaa1940m#680.951#681.302
808	#одновременно#	#одновременно#	X	_	_	_	_	_	@aaa1940m-words#@aaa1940m#682.711#683.409